sample_index,captured_at_utc,docker_refresh_sequence,docker_refresh_captured_at_utc,docker_refresh_reused,architecture,service,container_id,container_name,cpu_percent,memory_used_bytes,memory_limit_bytes,memory_percent,pids,network_io,block_io
1,2026-09-10T12:52:50.485789+00:00,3,2026-09-10T12:52:50.085352+00:00,false,monolith,monolith,19e41b42e5373a33ecf4e1c5d042cff948b624883db5db64285bd1e3988d0e92,tcc-monolith-experiment-monolith-1,0.03,87577068,1073741824,8.16,3,29.9MB / 15.6MB,19.5MB / 156kB
1,2026-09-10T12:52:50.485789+00:00,3,2026-09-10T12:52:50.085352+00:00,false,monolith,mysql,944135d5a8eb67e3211bd596103f337781de332fac44cd11bb6499c2af2bcbb8,tcc-monolith-experiment-mysql-1,3.53,532047462,1073741824,49.55,40,13MB / 28.1MB,59.6MB / 205MB
2,2026-09-10T12:52:51.484659+00:00,5,2026-09-10T12:52:51.086367+00:00,false,monolith,monolith,19e41b42e5373a33ecf4e1c5d042cff948b624883db5db64285bd1e3988d0e92,tcc-monolith-experiment-monolith-1,0.02,87577068,1073741824,8.16,3,29.9MB / 15.6MB,19.5MB / 156kB
2,2026-09-10T12:52:51.484659+00:00,5,2026-09-10T12:52:51.086367+00:00,false,monolith,mysql,944135d5a8eb67e3211bd596103f337781de332fac44cd11bb6499c2af2bcbb8,tcc-monolith-experiment-mysql-1,5.55,532362035,1073741824,49.58,40,13MB / 28.1MB,59.6MB / 205MB
3,2026-09-10T12:52:52.484612+00:00,7,2026-09-10T12:52:52.085504+00:00,false,monolith,monolith,19e41b42e5373a33ecf4e1c5d042cff948b624883db5db64285bd1e3988d0e92,tcc-monolith-experiment-monolith-1,0.03,87577068,1073741824,8.16,3,29.9MB / 15.6MB,19.5MB / 156kB
3,2026-09-10T12:52:52.484612+00:00,7,2026-09-10T12:52:52.085504+00:00,false,monolith,mysql,944135d5a8eb67e3211bd596103f337781de332fac44cd11bb6499c2af2bcbb8,tcc-monolith-experiment-mysql-1,1.45,532047462,1073741824,49.56,40,13MB / 28.1MB,59.6MB / 212MB
4,2026-09-10T12:52:53.484633+00:00,9,2026-09-10T12:52:53.086058+00:00,false,monolith,monolith,19e41b42e5373a33ecf4e1c5d042cff948b624883db5db64285bd1e3988d0e92,tcc-monolith-experiment-monolith-1,31.55,89149932,1073741824,8.3,3,30.3MB / 15.7MB,19.5MB / 156kB
4,2026-09-10T12:52:53.484633+00:00,9,2026-09-10T12:52:53.086058+00:00,false,monolith,mysql,944135d5a8eb67e3211bd596103f337781de332fac44cd11bb6499c2af2bcbb8,tcc-monolith-experiment-mysql-1,23.48,532257178,1073741824,49.57,40,13.1MB / 28.4MB,59.6MB / 213MB
5,2026-09-10T12:52:54.484610+00:00,11,2026-09-10T12:52:54.085305+00:00,false,monolith,monolith,19e41b42e5373a33ecf4e1c5d042cff948b624883db5db64285bd1e3988d0e92,tcc-monolith-experiment-monolith-1,50.56,89779077,1073741824,8.36,3,31.1MB / 16.1MB,19.5MB / 156kB
5,2026-09-10T12:52:54.484610+00:00,11,2026-09-10T12:52:54.085305+00:00,false,monolith,mysql,944135d5a8eb67e3211bd596103f337781de332fac44cd11bb6499c2af2bcbb8,tcc-monolith-experiment-mysql-1,28.79,532886323,1073741824,49.63,40,13.4MB / 29MB,59.6MB / 218MB
6,2026-09-10T12:52:55.484603+00:00,13,2026-09-10T12:52:55.086198+00:00,false,monolith,monolith,19e41b42e5373a33ecf4e1c5d042cff948b624883db5db64285bd1e3988d0e92,tcc-monolith-experiment-monolith-1,53.51,89128960,1073741824,8.3,3,31.8MB / 16.5MB,19.5MB / 156kB
6,2026-09-10T12:52:55.484603+00:00,13,2026-09-10T12:52:55.086198+00:00,false,monolith,mysql,944135d5a8eb67e3211bd596103f337781de332fac44cd11bb6499c2af2bcbb8,tcc-monolith-experiment-mysql-1,34.37,532047462,1073741824,49.56,40,13.6MB / 29.8MB,59.6MB / 219MB
7,2026-09-10T12:52:56.484588+00:00,15,2026-09-10T12:52:56.084822+00:00,false,monolith,monolith,19e41b42e5373a33ecf4e1c5d042cff948b624883db5db64285bd1e3988d0e92,tcc-monolith-experiment-monolith-1,51.69,89747620,1073741824,8.36,3,32.6MB / 16.8MB,19.5MB / 156kB
7,2026-09-10T12:52:56.484588+00:00,15,2026-09-10T12:52:56.084822+00:00,false,monolith,mysql,944135d5a8eb67e3211bd596103f337781de332fac44cd11bb6499c2af2bcbb8,tcc-monolith-experiment-mysql-1,31.41,532466893,1073741824,49.59,40,13.9MB / 30.5MB,59.6MB / 223MB
8,2026-09-10T12:52:57.484644+00:00,17,2026-09-10T12:52:57.086348+00:00,false,monolith,monolith,19e41b42e5373a33ecf4e1c5d042cff948b624883db5db64285bd1e3988d0e92,tcc-monolith-experiment-monolith-1,52.72,89097503,1073741824,8.3,3,33.4MB / 17.2MB,19.5MB / 156kB
8,2026-09-10T12:52:57.484644+00:00,17,2026-09-10T12:52:57.086348+00:00,false,monolith,mysql,944135d5a8eb67e3211bd596103f337781de332fac44cd11bb6499c2af2bcbb8,tcc-monolith-experiment-mysql-1,35.24,532781466,1073741824,49.61,40,14.2MB / 31.2MB,59.6MB / 225MB
9,2026-09-10T12:52:58.484616+00:00,19,2026-09-10T12:52:58.085213+00:00,false,monolith,monolith,19e41b42e5373a33ecf4e1c5d042cff948b624883db5db64285bd1e3988d0e92,tcc-monolith-experiment-monolith-1,52.12,89024102,1073741824,8.29,3,34.2MB / 17.6MB,19.5MB / 156kB
9,2026-09-10T12:52:58.484616+00:00,19,2026-09-10T12:52:58.085213+00:00,false,monolith,mysql,944135d5a8eb67e3211bd596103f337781de332fac44cd11bb6499c2af2bcbb8,tcc-monolith-experiment-mysql-1,31.51,533305754,1073741824,49.67,40,14.5MB / 31.9MB,59.6MB / 229MB
10,2026-09-10T12:52:59.484631+00:00,21,2026-09-10T12:52:59.086366+00:00,false,monolith,monolith,19e41b42e5373a33ecf4e1c5d042cff948b624883db5db64285bd1e3988d0e92,tcc-monolith-experiment-monolith-1,52.69,89160417,1073741824,8.3,3,35MB / 17.9MB,19.5MB / 156kB
10,2026-09-10T12:52:59.484631+00:00,21,2026-09-10T12:52:59.086366+00:00,false,monolith,mysql,944135d5a8eb67e3211bd596103f337781de332fac44cd11bb6499c2af2bcbb8,tcc-monolith-experiment-mysql-1,35.35,532886323,1073741824,49.63,40,14.8MB / 32.6MB,59.6MB / 232MB
11,2026-09-10T12:53:00.484635+00:00,23,2026-09-10T12:53:00.086327+00:00,false,monolith,monolith,19e41b42e5373a33ecf4e1c5d042cff948b624883db5db64285bd1e3988d0e92,tcc-monolith-experiment-monolith-1,53.27,90219479,1073741824,8.4,3,35.7MB / 18.3MB,19.5MB / 156kB
11,2026-09-10T12:53:00.484635+00:00,23,2026-09-10T12:53:00.086327+00:00,false,monolith,mysql,944135d5a8eb67e3211bd596103f337781de332fac44cd11bb6499c2af2bcbb8,tcc-monolith-experiment-mysql-1,30.67,532991181,1073741824,49.64,40,15.1MB / 33.3MB,59.6MB / 235MB
12,2026-09-10T12:53:01.484668+00:00,25,2026-09-10T12:53:01.086171+00:00,false,monolith,monolith,19e41b42e5373a33ecf4e1c5d042cff948b624883db5db64285bd1e3988d0e92,tcc-monolith-experiment-monolith-1,53.71,89107988,1073741824,8.3,3,36.5MB / 18.7MB,19.5MB / 156kB
12,2026-09-10T12:53:01.484668+00:00,25,2026-09-10T12:53:01.086171+00:00,false,monolith,mysql,944135d5a8eb67e3211bd596103f337781de332fac44cd11bb6499c2af2bcbb8,tcc-monolith-experiment-mysql-1,34.08,532676608,1073741824,49.61,40,15.4MB / 34.1MB,59.6MB / 238MB
13,2026-09-10T12:53:02.484633+00:00,27,2026-09-10T12:53:02.086265+00:00,false,monolith,monolith,19e41b42e5373a33ecf4e1c5d042cff948b624883db5db64285bd1e3988d0e92,tcc-monolith-experiment-monolith-1,52.81,89527419,1073741824,8.34,3,37.3MB / 19MB,19.5MB / 156kB
13,2026-09-10T12:53:02.484633+00:00,27,2026-09-10T12:53:02.086265+00:00,false,monolith,mysql,944135d5a8eb67e3211bd596103f337781de332fac44cd11bb6499c2af2bcbb8,tcc-monolith-experiment-mysql-1,30.47,532781466,1073741824,49.62,40,15.6MB / 34.8MB,59.6MB / 241MB
14,2026-09-10T12:53:03.484593+00:00,29,2026-09-10T12:53:03.086526+00:00,false,monolith,monolith,19e41b42e5373a33ecf4e1c5d042cff948b624883db5db64285bd1e3988d0e92,tcc-monolith-experiment-monolith-1,52.43,89831506,1073741824,8.37,3,38MB / 19.4MB,19.5MB / 156kB
14,2026-09-10T12:53:03.484593+00:00,29,2026-09-10T12:53:03.086526+00:00,false,monolith,mysql,944135d5a8eb67e3211bd596103f337781de332fac44cd11bb6499c2af2bcbb8,tcc-monolith-experiment-mysql-1,35.48,532676608,1073741824,49.6,40,15.9MB / 35.5MB,59.6MB / 243MB
15,2026-09-10T12:53:04.484639+00:00,31,2026-09-10T12:53:04.086338+00:00,false,monolith,monolith,19e41b42e5373a33ecf4e1c5d042cff948b624883db5db64285bd1e3988d0e92,tcc-monolith-experiment-monolith-1,52.52,90041221,1073741824,8.39,3,38.8MB / 19.8MB,19.5MB / 156kB
15,2026-09-10T12:53:04.484639+00:00,31,2026-09-10T12:53:04.086338+00:00,false,monolith,mysql,944135d5a8eb67e3211bd596103f337781de332fac44cd11bb6499c2af2bcbb8,tcc-monolith-experiment-mysql-1,32.63,532257178,1073741824,49.57,40,16.2MB / 36.2MB,59.6MB / 246MB
16,2026-09-10T12:53:05.484630+00:00,33,2026-09-10T12:53:05.086153+00:00,false,monolith,monolith,19e41b42e5373a33ecf4e1c5d042cff948b624883db5db64285bd1e3988d0e92,tcc-monolith-experiment-monolith-1,52.44,90093650,1073741824,8.39,3,39.5MB / 20.1MB,19.5MB / 156kB
16,2026-09-10T12:53:05.484630+00:00,33,2026-09-10T12:53:05.086153+00:00,false,monolith,mysql,944135d5a8eb67e3211bd596103f337781de332fac44cd11bb6499c2af2bcbb8,tcc-monolith-experiment-mysql-1,36.32,533305754,1073741824,49.67,40,16.5MB / 36.9MB,59.6MB / 248MB
17,2026-09-10T12:53:06.484634+00:00,35,2026-09-10T12:53:06.085204+00:00,false,monolith,monolith,19e41b42e5373a33ecf4e1c5d042cff948b624883db5db64285bd1e3988d0e92,tcc-monolith-experiment-monolith-1,53.22,90156564,1073741824,8.4,3,40.3MB / 20.5MB,19.5MB / 156kB
17,2026-09-10T12:53:06.484634+00:00,35,2026-09-10T12:53:06.085204+00:00,false,monolith,mysql,944135d5a8eb67e3211bd596103f337781de332fac44cd11bb6499c2af2bcbb8,tcc-monolith-experiment-mysql-1,32.36,532781466,1073741824,49.62,40,16.8MB / 37.6MB,59.6MB / 250MB
18,2026-09-10T12:53:07.484613+00:00,37,2026-09-10T12:53:07.085608+00:00,false,monolith,monolith,19e41b42e5373a33ecf4e1c5d042cff948b624883db5db64285bd1e3988d0e92,tcc-monolith-experiment-monolith-1,52.81,89359647,1073741824,8.32,3,41MB / 20.8MB,19.5MB / 156kB
18,2026-09-10T12:53:07.484613+00:00,37,2026-09-10T12:53:07.085608+00:00,false,monolith,mysql,944135d5a8eb67e3211bd596103f337781de332fac44cd11bb6499c2af2bcbb8,tcc-monolith-experiment-mysql-1,36.36,533620326,1073741824,49.69,40,17MB / 38.3MB,59.6MB / 253MB
19,2026-09-10T12:53:08.484640+00:00,39,2026-09-10T12:53:08.085286+00:00,false,monolith,monolith,19e41b42e5373a33ecf4e1c5d042cff948b624883db5db64285bd1e3988d0e92,tcc-monolith-experiment-monolith-1,52.72,90177536,1073741824,8.4,3,41.8MB / 21.2MB,19.5MB / 156kB
19,2026-09-10T12:53:08.484640+00:00,39,2026-09-10T12:53:08.085286+00:00,false,monolith,mysql,944135d5a8eb67e3211bd596103f337781de332fac44cd11bb6499c2af2bcbb8,tcc-monolith-experiment-mysql-1,32.28,533620326,1073741824,49.69,40,17.3MB / 39MB,59.6MB / 255MB
20,2026-09-10T12:53:09.484615+00:00,41,2026-09-10T12:53:09.086377+00:00,false,monolith,monolith,19e41b42e5373a33ecf4e1c5d042cff948b624883db5db64285bd1e3988d0e92,tcc-monolith-experiment-monolith-1,47.58,90481623,1073741824,8.43,3,42.5MB / 21.5MB,19.5MB / 156kB
20,2026-09-10T12:53:09.484615+00:00,41,2026-09-10T12:53:09.086377+00:00,false,monolith,mysql,944135d5a8eb67e3211bd596103f337781de332fac44cd11bb6499c2af2bcbb8,tcc-monolith-experiment-mysql-1,32.79,532781466,1073741824,49.62,40,17.6MB / 39.6MB,59.6MB / 257MB
21,2026-09-10T12:53:10.484605+00:00,43,2026-09-10T12:53:10.085415+00:00,false,monolith,monolith,19e41b42e5373a33ecf4e1c5d042cff948b624883db5db64285bd1e3988d0e92,tcc-monolith-experiment-monolith-1,52.16,89674220,1073741824,8.35,3,43.2MB / 21.9MB,19.5MB / 156kB
21,2026-09-10T12:53:10.484605+00:00,43,2026-09-10T12:53:10.085415+00:00,false,monolith,mysql,944135d5a8eb67e3211bd596103f337781de332fac44cd11bb6499c2af2bcbb8,tcc-monolith-experiment-mysql-1,31.72,532781466,1073741824,49.62,40,17.8MB / 40.3MB,59.6MB / 258MB
22,2026-09-10T12:53:11.484653+00:00,45,2026-09-10T12:53:11.085142+00:00,false,monolith,monolith,19e41b42e5373a33ecf4e1c5d042cff948b624883db5db64285bd1e3988d0e92,tcc-monolith-experiment-monolith-1,53.03,89558876,1073741824,8.34,3,44MB / 22.2MB,19.5MB / 156kB
22,2026-09-10T12:53:11.484653+00:00,45,2026-09-10T12:53:11.085142+00:00,false,monolith,mysql,944135d5a8eb67e3211bd596103f337781de332fac44cd11bb6499c2af2bcbb8,tcc-monolith-experiment-mysql-1,35.31,532676608,1073741824,49.61,40,18.1MB / 41MB,59.6MB / 260MB
23,2026-09-10T12:53:12.484638+00:00,47,2026-09-10T12:53:12.085283+00:00,false,monolith,monolith,19e41b42e5373a33ecf4e1c5d042cff948b624883db5db64285bd1e3988d0e92,tcc-monolith-experiment-monolith-1,53.08,89611305,1073741824,8.35,3,44.8MB / 22.6MB,19.5MB / 156kB
23,2026-09-10T12:53:12.484638+00:00,47,2026-09-10T12:53:12.085283+00:00,false,monolith,mysql,944135d5a8eb67e3211bd596103f337781de332fac44cd11bb6499c2af2bcbb8,tcc-monolith-experiment-mysql-1,31.29,533096038,1073741824,49.65,40,18.4MB / 41.7MB,59.6MB / 262MB
24,2026-09-10T12:53:13.484600+00:00,49,2026-09-10T12:53:13.085327+00:00,false,monolith,monolith,19e41b42e5373a33ecf4e1c5d042cff948b624883db5db64285bd1e3988d0e92,tcc-monolith-experiment-monolith-1,52.31,90303365,1073741824,8.41,3,45.5MB / 23MB,19.5MB / 156kB
24,2026-09-10T12:53:13.484600+00:00,49,2026-09-10T12:53:13.085327+00:00,false,monolith,mysql,944135d5a8eb67e3211bd596103f337781de332fac44cd11bb6499c2af2bcbb8,tcc-monolith-experiment-mysql-1,35.64,533096038,1073741824,49.65,40,18.7MB / 42.4MB,59.6MB / 264MB
25,2026-09-10T12:53:14.484620+00:00,51,2026-09-10T12:53:14.086295+00:00,false,monolith,monolith,19e41b42e5373a33ecf4e1c5d042cff948b624883db5db64285bd1e3988d0e92,tcc-monolith-experiment-monolith-1,53.22,89758106,1073741824,8.36,3,46.3MB / 23.3MB,19.5MB / 156kB
25,2026-09-10T12:53:14.484620+00:00,51,2026-09-10T12:53:14.086295+00:00,false,monolith,mysql,944135d5a8eb67e3211bd596103f337781de332fac44cd11bb6499c2af2bcbb8,tcc-monolith-experiment-mysql-1,32.19,532886323,1073741824,49.63,40,19MB / 43.1MB,59.6MB / 265MB
26,2026-09-10T12:53:15.484640+00:00,53,2026-09-10T12:53:15.085304+00:00,false,monolith,monolith,19e41b42e5373a33ecf4e1c5d042cff948b624883db5db64285bd1e3988d0e92,tcc-monolith-experiment-monolith-1,53.36,90450166,1073741824,8.42,3,47.1MB / 23.7MB,19.5MB / 156kB
26,2026-09-10T12:53:15.484640+00:00,53,2026-09-10T12:53:15.085304+00:00,false,monolith,mysql,944135d5a8eb67e3211bd596103f337781de332fac44cd11bb6499c2af2bcbb8,tcc-monolith-experiment-mysql-1,35.33,532571750,1073741824,49.6,40,19.3MB / 43.8MB,59.6MB / 267MB
27,2026-09-10T12:53:16.484617+00:00,55,2026-09-10T12:53:16.085719+00:00,false,monolith,monolith,19e41b42e5373a33ecf4e1c5d042cff948b624883db5db64285bd1e3988d0e92,tcc-monolith-experiment-monolith-1,53.59,90764739,1073741824,8.45,3,47.8MB / 24.1MB,19.5MB / 156kB
27,2026-09-10T12:53:16.484617+00:00,55,2026-09-10T12:53:16.085719+00:00,false,monolith,mysql,944135d5a8eb67e3211bd596103f337781de332fac44cd11bb6499c2af2bcbb8,tcc-monolith-experiment-mysql-1,32.46,532571750,1073741824,49.6,40,19.5MB / 44.5MB,59.6MB / 269MB
28,2026-09-10T12:53:17.484612+00:00,57,2026-09-10T12:53:17.085324+00:00,false,monolith,monolith,19e41b42e5373a33ecf4e1c5d042cff948b624883db5db64285bd1e3988d0e92,tcc-monolith-experiment-monolith-1,52.56,90334822,1073741824,8.41,3,48.6MB / 24.4MB,19.5MB / 156kB
28,2026-09-10T12:53:17.484612+00:00,57,2026-09-10T12:53:17.085324+00:00,false,monolith,mysql,944135d5a8eb67e3211bd596103f337781de332fac44cd11bb6499c2af2bcbb8,tcc-monolith-experiment-mysql-1,35.73,532257178,1073741824,49.57,40,19.8MB / 45.2MB,59.6MB / 270MB
29,2026-09-10T12:53:18.484610+00:00,59,2026-09-10T12:53:18.085337+00:00,false,monolith,monolith,19e41b42e5373a33ecf4e1c5d042cff948b624883db5db64285bd1e3988d0e92,tcc-monolith-experiment-monolith-1,50.99,89684705,1073741824,8.35,3,49.3MB / 24.8MB,19.5MB / 156kB
29,2026-09-10T12:53:18.484610+00:00,59,2026-09-10T12:53:18.085337+00:00,false,monolith,mysql,944135d5a8eb67e3211bd596103f337781de332fac44cd11bb6499c2af2bcbb8,tcc-monolith-experiment-mysql-1,31.62,532991181,1073741824,49.64,40,20.1MB / 45.9MB,59.6MB / 272MB
30,2026-09-10T12:53:19.484638+00:00,61,2026-09-10T12:53:19.085284+00:00,false,monolith,monolith,19e41b42e5373a33ecf4e1c5d042cff948b624883db5db64285bd1e3988d0e92,tcc-monolith-experiment-monolith-1,52.66,90544538,1073741824,8.43,3,50.1MB / 25.2MB,19.5MB / 156kB
30,2026-09-10T12:53:19.484638+00:00,61,2026-09-10T12:53:19.085284+00:00,false,monolith,mysql,944135d5a8eb67e3211bd596103f337781de332fac44cd11bb6499c2af2bcbb8,tcc-monolith-experiment-mysql-1,35.5,532991181,1073741824,49.64,40,20.4MB / 46.7MB,59.6MB / 273MB
31,2026-09-10T12:53:20.484646+00:00,63,2026-09-10T12:53:20.085271+00:00,false,monolith,monolith,19e41b42e5373a33ecf4e1c5d042cff948b624883db5db64285bd1e3988d0e92,tcc-monolith-experiment-monolith-1,52.13,90030735,1073741824,8.38,3,50.9MB / 25.5MB,19.5MB / 156kB
31,2026-09-10T12:53:20.484646+00:00,63,2026-09-10T12:53:20.085271+00:00,false,monolith,mysql,944135d5a8eb67e3211bd596103f337781de332fac44cd11bb6499c2af2bcbb8,tcc-monolith-experiment-mysql-1,31.9,532991181,1073741824,49.64,40,20.7MB / 47.4MB,59.6MB / 275MB
32,2026-09-10T12:53:21.484637+00:00,65,2026-09-10T12:53:21.086205+00:00,false,monolith,monolith,19e41b42e5373a33ecf4e1c5d042cff948b624883db5db64285bd1e3988d0e92,tcc-monolith-experiment-monolith-1,52.92,90722796,1073741824,8.45,3,51.6MB / 25.9MB,19.5MB / 156kB
32,2026-09-10T12:53:21.484637+00:00,65,2026-09-10T12:53:21.086205+00:00,false,monolith,mysql,944135d5a8eb67e3211bd596103f337781de332fac44cd11bb6499c2af2bcbb8,tcc-monolith-experiment-mysql-1,35.71,533096038,1073741824,49.65,40,20.9MB / 48.1MB,59.6MB / 277MB
33,2026-09-10T12:53:22.484631+00:00,67,2026-09-10T12:53:22.085988+00:00,false,monolith,monolith,19e41b42e5373a33ecf4e1c5d042cff948b624883db5db64285bd1e3988d0e92,tcc-monolith-experiment-monolith-1,52.38,90387251,1073741824,8.42,3,52.4MB / 26.2MB,19.5MB / 156kB
33,2026-09-10T12:53:22.484631+00:00,67,2026-09-10T12:53:22.085988+00:00,false,monolith,mysql,944135d5a8eb67e3211bd596103f337781de332fac44cd11bb6499c2af2bcbb8,tcc-monolith-experiment-mysql-1,31.45,533096038,1073741824,49.65,40,21.2MB / 48.8MB,59.6MB / 279MB
34,2026-09-10T12:53:23.484605+00:00,69,2026-09-10T12:53:23.086323+00:00,false,monolith,monolith,19e41b42e5373a33ecf4e1c5d042cff948b624883db5db64285bd1e3988d0e92,tcc-monolith-experiment-monolith-1,52.44,90104136,1073741824,8.39,3,53.1MB / 26.6MB,19.5MB / 156kB
34,2026-09-10T12:53:23.484605+00:00,69,2026-09-10T12:53:23.086323+00:00,false,monolith,mysql,944135d5a8eb67e3211bd596103f337781de332fac44cd11bb6499c2af2bcbb8,tcc-monolith-experiment-mysql-1,35.23,533096038,1073741824,49.65,40,21.5MB / 49.5MB,59.6MB / 281MB
35,2026-09-10T12:53:24.484640+00:00,71,2026-09-10T12:53:24.085201+00:00,false,monolith,monolith,19e41b42e5373a33ecf4e1c5d042cff948b624883db5db64285bd1e3988d0e92,tcc-monolith-experiment-monolith-1,50.54,90649395,1073741824,8.44,3,53.9MB / 27MB,19.5MB / 156kB
35,2026-09-10T12:53:24.484640+00:00,71,2026-09-10T12:53:24.085201+00:00,false,monolith,mysql,944135d5a8eb67e3211bd596103f337781de332fac44cd11bb6499c2af2bcbb8,tcc-monolith-experiment-mysql-1,30.65,532781466,1073741824,49.62,40,21.8MB / 50.1MB,59.6MB / 283MB
36,2026-09-10T12:53:25.484639+00:00,73,2026-09-10T12:53:25.086256+00:00,false,monolith,monolith,19e41b42e5373a33ecf4e1c5d042cff948b624883db5db64285bd1e3988d0e92,tcc-monolith-experiment-monolith-1,52.67,90072678,1073741824,8.39,3,54.7MB / 27.3MB,19.5MB / 156kB
36,2026-09-10T12:53:25.484639+00:00,73,2026-09-10T12:53:25.086256+00:00,false,monolith,mysql,944135d5a8eb67e3211bd596103f337781de332fac44cd11bb6499c2af2bcbb8,tcc-monolith-experiment-mysql-1,31.78,536766054,1073741824,49.99,46,22.1MB / 50.9MB,59.6MB / 285MB
37,2026-09-10T12:53:26.484640+00:00,75,2026-09-10T12:53:26.085359+00:00,false,monolith,monolith,19e41b42e5373a33ecf4e1c5d042cff948b624883db5db64285bd1e3988d0e92,tcc-monolith-experiment-monolith-1,53.44,89474990,1073741824,8.33,3,55.4MB / 27.7MB,19.5MB / 156kB
37,2026-09-10T12:53:26.484640+00:00,75,2026-09-10T12:53:26.085359+00:00,false,monolith,mysql,944135d5a8eb67e3211bd596103f337781de332fac44cd11bb6499c2af2bcbb8,tcc-monolith-experiment-mysql-1,33.61,533096038,1073741824,49.65,40,22.4MB / 51.6MB,59.6MB / 287MB
38,2026-09-10T12:53:27.484640+00:00,77,2026-09-10T12:53:27.085267+00:00,false,monolith,monolith,19e41b42e5373a33ecf4e1c5d042cff948b624883db5db64285bd1e3988d0e92,tcc-monolith-experiment-monolith-1,54.61,89506447,1073741824,8.34,3,56.2MB / 28.1MB,19.5MB / 156kB
38,2026-09-10T12:53:27.484640+00:00,77,2026-09-10T12:53:27.085267+00:00,false,monolith,mysql,944135d5a8eb67e3211bd596103f337781de332fac44cd11bb6499c2af2bcbb8,tcc-monolith-experiment-mysql-1,31.28,532257178,1073741824,49.57,40,22.6MB / 52.3MB,59.6MB / 289MB
39,2026-09-10T12:53:28.484640+00:00,79,2026-09-10T12:53:28.085754+00:00,false,monolith,monolith,19e41b42e5373a33ecf4e1c5d042cff948b624883db5db64285bd1e3988d0e92,tcc-monolith-experiment-monolith-1,53.07,90009764,1073741824,8.38,3,57MB / 28.4MB,19.5MB / 156kB
39,2026-09-10T12:53:28.484640+00:00,79,2026-09-10T12:53:28.085754+00:00,false,monolith,mysql,944135d5a8eb67e3211bd596103f337781de332fac44cd11bb6499c2af2bcbb8,tcc-monolith-experiment-mysql-1,35.09,532676608,1073741824,49.61,40,22.9MB / 53MB,59.6MB / 291MB
40,2026-09-10T12:53:29.484635+00:00,81,2026-09-10T12:53:29.085356+00:00,false,monolith,monolith,19e41b42e5373a33ecf4e1c5d042cff948b624883db5db64285bd1e3988d0e92,tcc-monolith-experiment-monolith-1,53.25,89695191,1073741824,8.35,3,57.8MB / 28.8MB,19.5MB / 156kB
40,2026-09-10T12:53:29.484635+00:00,81,2026-09-10T12:53:29.085356+00:00,false,monolith,mysql,944135d5a8eb67e3211bd596103f337781de332fac44cd11bb6499c2af2bcbb8,tcc-monolith-experiment-mysql-1,30.35,531732890,1073741824,49.52,40,23.2MB / 53.8MB,59.6MB / 293MB
41,2026-09-10T12:53:30.484641+00:00,83,2026-09-10T12:53:30.085322+00:00,false,monolith,monolith,19e41b42e5373a33ecf4e1c5d042cff948b624883db5db64285bd1e3988d0e92,tcc-monolith-experiment-monolith-1,53.3,89925878,1073741824,8.37,3,58.6MB / 29.2MB,19.5MB / 156kB
41,2026-09-10T12:53:30.484641+00:00,83,2026-09-10T12:53:30.085322+00:00,false,monolith,mysql,944135d5a8eb67e3211bd596103f337781de332fac44cd11bb6499c2af2bcbb8,tcc-monolith-experiment-mysql-1,34.31,532676608,1073741824,49.61,40,23.5MB / 54.5MB,59.6MB / 295MB
42,2026-09-10T12:53:31.484634+00:00,85,2026-09-10T12:53:31.085150+00:00,false,monolith,monolith,19e41b42e5373a33ecf4e1c5d042cff948b624883db5db64285bd1e3988d0e92,tcc-monolith-experiment-monolith-1,52.52,90198508,1073741824,8.4,3,59.4MB / 29.6MB,19.5MB / 156kB
42,2026-09-10T12:53:31.484634+00:00,85,2026-09-10T12:53:31.085150+00:00,false,monolith,mysql,944135d5a8eb67e3211bd596103f337781de332fac44cd11bb6499c2af2bcbb8,tcc-monolith-experiment-mysql-1,30.14,532886323,1073741824,49.63,40,23.8MB / 55.2MB,59.6MB / 297MB
43,2026-09-10T12:53:32.484644+00:00,87,2026-09-10T12:53:32.085118+00:00,false,monolith,monolith,19e41b42e5373a33ecf4e1c5d042cff948b624883db5db64285bd1e3988d0e92,tcc-monolith-experiment-monolith-1,53.14,89705677,1073741824,8.35,3,60.2MB / 30MB,19.5MB / 156kB
43,2026-09-10T12:53:32.484644+00:00,87,2026-09-10T12:53:32.085118+00:00,false,monolith,mysql,944135d5a8eb67e3211bd596103f337781de332fac44cd11bb6499c2af2bcbb8,tcc-monolith-experiment-mysql-1,34.3,532676608,1073741824,49.61,40,24.1MB / 56MB,59.6MB / 298MB
44,2026-09-10T12:53:33.484636+00:00,89,2026-09-10T12:53:33.085083+00:00,false,monolith,monolith,19e41b42e5373a33ecf4e1c5d042cff948b624883db5db64285bd1e3988d0e92,tcc-monolith-experiment-monolith-1,53.53,89558876,1073741824,8.34,3,61MB / 30.4MB,19.5MB / 156kB
44,2026-09-10T12:53:33.484636+00:00,89,2026-09-10T12:53:33.085083+00:00,false,monolith,mysql,944135d5a8eb67e3211bd596103f337781de332fac44cd11bb6499c2af2bcbb8,tcc-monolith-experiment-mysql-1,29.96,532466893,1073741824,49.59,40,24.4MB / 56.8MB,59.6MB / 300MB
45,2026-09-10T12:53:34.484612+00:00,91,2026-09-10T12:53:34.086084+00:00,false,monolith,monolith,19e41b42e5373a33ecf4e1c5d042cff948b624883db5db64285bd1e3988d0e92,tcc-monolith-experiment-monolith-1,52.54,89674220,1073741824,8.35,3,61.8MB / 30.7MB,19.5MB / 156kB
45,2026-09-10T12:53:34.484612+00:00,91,2026-09-10T12:53:34.086084+00:00,false,monolith,mysql,944135d5a8eb67e3211bd596103f337781de332fac44cd11bb6499c2af2bcbb8,tcc-monolith-experiment-mysql-1,34.19,533200896,1073741824,49.66,40,24.7MB / 57.5MB,59.6MB / 302MB
46,2026-09-10T12:53:35.484638+00:00,93,2026-09-10T12:53:35.084861+00:00,false,monolith,monolith,19e41b42e5373a33ecf4e1c5d042cff948b624883db5db64285bd1e3988d0e92,tcc-monolith-experiment-monolith-1,52.61,89925878,1073741824,8.37,3,62.6MB / 31.1MB,19.5MB / 156kB
46,2026-09-10T12:53:35.484638+00:00,93,2026-09-10T12:53:35.084861+00:00,false,monolith,mysql,944135d5a8eb67e3211bd596103f337781de332fac44cd11bb6499c2af2bcbb8,tcc-monolith-experiment-mysql-1,30.61,533305754,1073741824,49.67,40,25MB / 58.2MB,59.6MB / 303MB
47,2026-09-10T12:53:36.484640+00:00,95,2026-09-10T12:53:36.085181+00:00,false,monolith,monolith,19e41b42e5373a33ecf4e1c5d042cff948b624883db5db64285bd1e3988d0e92,tcc-monolith-experiment-monolith-1,52.31,90072678,1073741824,8.39,3,63.4MB / 31.5MB,19.5MB / 156kB
47,2026-09-10T12:53:36.484640+00:00,95,2026-09-10T12:53:36.085181+00:00,false,monolith,mysql,944135d5a8eb67e3211bd596103f337781de332fac44cd11bb6499c2af2bcbb8,tcc-monolith-experiment-mysql-1,34.07,533200896,1073741824,49.66,40,25.3MB / 59MB,59.6MB / 305MB
48,2026-09-10T12:53:37.484640+00:00,97,2026-09-10T12:53:37.084719+00:00,false,monolith,monolith,19e41b42e5373a33ecf4e1c5d042cff948b624883db5db64285bd1e3988d0e92,tcc-monolith-experiment-monolith-1,53.67,90408223,1073741824,8.42,3,64.2MB / 31.9MB,19.5MB / 156kB
48,2026-09-10T12:53:37.484640+00:00,97,2026-09-10T12:53:37.084719+00:00,false,monolith,mysql,944135d5a8eb67e3211bd596103f337781de332fac44cd11bb6499c2af2bcbb8,tcc-monolith-experiment-mysql-1,31.67,533305754,1073741824,49.67,40,25.6MB / 59.7MB,59.6MB / 306MB
49,2026-09-10T12:53:38.484638+00:00,99,2026-09-10T12:53:38.085377+00:00,false,monolith,monolith,19e41b42e5373a33ecf4e1c5d042cff948b624883db5db64285bd1e3988d0e92,tcc-monolith-experiment-monolith-1,53.41,90586481,1073741824,8.44,3,65MB / 32.2MB,19.5MB / 156kB
49,2026-09-10T12:53:38.484638+00:00,99,2026-09-10T12:53:38.085377+00:00,false,monolith,mysql,944135d5a8eb67e3211bd596103f337781de332fac44cd11bb6499c2af2bcbb8,tcc-monolith-experiment-mysql-1,35.6,533620326,1073741824,49.7,40,25.9MB / 60.4MB,59.6MB / 308MB
50,2026-09-10T12:53:39.484641+00:00,101,2026-09-10T12:53:39.085010+00:00,false,monolith,monolith,19e41b42e5373a33ecf4e1c5d042cff948b624883db5db64285bd1e3988d0e92,tcc-monolith-experiment-monolith-1,52.63,91068826,1073741824,8.48,3,65.7MB / 32.6MB,19.5MB / 156kB
50,2026-09-10T12:53:39.484641+00:00,101,2026-09-10T12:53:39.085010+00:00,false,monolith,mysql,944135d5a8eb67e3211bd596103f337781de332fac44cd11bb6499c2af2bcbb8,tcc-monolith-experiment-mysql-1,31.8,534039757,1073741824,49.74,40,26.1MB / 61.1MB,59.6MB / 310MB
51,2026-09-10T12:53:40.484602+00:00,103,2026-09-10T12:53:40.085341+00:00,false,monolith,monolith,19e41b42e5373a33ecf4e1c5d042cff948b624883db5db64285bd1e3988d0e92,tcc-monolith-experiment-monolith-1,50.0,91142226,1073741824,8.49,3,66.5MB / 33MB,19.5MB / 156kB
51,2026-09-10T12:53:40.484602+00:00,103,2026-09-10T12:53:40.085341+00:00,false,monolith,mysql,944135d5a8eb67e3211bd596103f337781de332fac44cd11bb6499c2af2bcbb8,tcc-monolith-experiment-mysql-1,34.02,533410611,1073741824,49.67,40,26.4MB / 61.8MB,59.6MB / 311MB
52,2026-09-10T12:53:41.484609+00:00,105,2026-09-10T12:53:41.085253+00:00,false,monolith,monolith,19e41b42e5373a33ecf4e1c5d042cff948b624883db5db64285bd1e3988d0e92,tcc-monolith-experiment-monolith-1,52.9,91372913,1073741824,8.51,3,67.2MB / 33.3MB,19.5MB / 156kB
52,2026-09-10T12:53:41.484609+00:00,105,2026-09-10T12:53:41.085253+00:00,false,monolith,mysql,944135d5a8eb67e3211bd596103f337781de332fac44cd11bb6499c2af2bcbb8,tcc-monolith-experiment-mysql-1,31.23,532991181,1073741824,49.64,40,26.7MB / 62.5MB,59.6MB / 313MB
53,2026-09-10T12:53:42.484629+00:00,107,2026-09-10T12:53:42.085190+00:00,false,monolith,monolith,19e41b42e5373a33ecf4e1c5d042cff948b624883db5db64285bd1e3988d0e92,tcc-monolith-experiment-monolith-1,53.63,90408223,1073741824,8.42,3,68MB / 33.7MB,19.5MB / 156kB
53,2026-09-10T12:53:42.484629+00:00,107,2026-09-10T12:53:42.085190+00:00,false,monolith,mysql,944135d5a8eb67e3211bd596103f337781de332fac44cd11bb6499c2af2bcbb8,tcc-monolith-experiment-mysql-1,35.47,534564045,1073741824,49.79,40,27MB / 63.2MB,59.6MB / 315MB
54,2026-09-10T12:53:43.484627+00:00,109,2026-09-10T12:53:43.085271+00:00,false,monolith,monolith,19e41b42e5373a33ecf4e1c5d042cff948b624883db5db64285bd1e3988d0e92,tcc-monolith-experiment-monolith-1,52.21,90072678,1073741824,8.39,3,68.8MB / 34.1MB,19.5MB / 156kB
54,2026-09-10T12:53:43.484627+00:00,109,2026-09-10T12:53:43.085271+00:00,false,monolith,mysql,944135d5a8eb67e3211bd596103f337781de332fac44cd11bb6499c2af2bcbb8,tcc-monolith-experiment-mysql-1,31.85,533934899,1073741824,49.73,40,27.3MB / 63.9MB,59.6MB / 316MB
55,2026-09-10T12:53:44.484634+00:00,111,2026-09-10T12:53:44.085244+00:00,false,monolith,monolith,19e41b42e5373a33ecf4e1c5d042cff948b624883db5db64285bd1e3988d0e92,tcc-monolith-experiment-monolith-1,52.71,90492109,1073741824,8.43,3,69.5MB / 34.4MB,19.5MB / 156kB
55,2026-09-10T12:53:44.484634+00:00,111,2026-09-10T12:53:44.085244+00:00,false,monolith,mysql,944135d5a8eb67e3211bd596103f337781de332fac44cd11bb6499c2af2bcbb8,tcc-monolith-experiment-mysql-1,35.67,532991181,1073741824,49.64,40,27.6MB / 64.6MB,59.6MB / 318MB
56,2026-09-10T12:53:45.484628+00:00,113,2026-09-10T12:53:45.085174+00:00,false,monolith,monolith,19e41b42e5373a33ecf4e1c5d042cff948b624883db5db64285bd1e3988d0e92,tcc-monolith-experiment-monolith-1,52.58,90292879,1073741824,8.41,3,70.3MB / 34.8MB,19.5MB / 156kB
56,2026-09-10T12:53:45.484628+00:00,113,2026-09-10T12:53:45.085174+00:00,false,monolith,mysql,944135d5a8eb67e3211bd596103f337781de332fac44cd11bb6499c2af2bcbb8,tcc-monolith-experiment-mysql-1,32.22,534564045,1073741824,49.79,40,27.8MB / 65.3MB,59.6MB / 320MB
57,2026-09-10T12:53:46.484635+00:00,115,2026-09-10T12:53:46.086139+00:00,false,monolith,monolith,19e41b42e5373a33ecf4e1c5d042cff948b624883db5db64285bd1e3988d0e92,tcc-monolith-experiment-monolith-1,52.77,90177536,1073741824,8.4,3,71MB / 35.1MB,19.5MB / 156kB
57,2026-09-10T12:53:46.484635+00:00,115,2026-09-10T12:53:46.086139+00:00,false,monolith,mysql,944135d5a8eb67e3211bd596103f337781de332fac44cd11bb6499c2af2bcbb8,tcc-monolith-experiment-mysql-1,35.47,535088333,1073741824,49.83,40,28.1MB / 66MB,59.6MB / 322MB
58,2026-09-10T12:53:47.484635+00:00,117,2026-09-10T12:53:47.085236+00:00,false,monolith,monolith,19e41b42e5373a33ecf4e1c5d042cff948b624883db5db64285bd1e3988d0e92,tcc-monolith-experiment-monolith-1,53.44,90565509,1073741824,8.43,3,71.8MB / 35.5MB,19.5MB / 156kB
58,2026-09-10T12:53:47.484635+00:00,117,2026-09-10T12:53:47.085236+00:00,false,monolith,mysql,944135d5a8eb67e3211bd596103f337781de332fac44cd11bb6499c2af2bcbb8,tcc-monolith-experiment-mysql-1,31.99,535402906,1073741824,49.86,40,28.4MB / 66.7MB,59.6MB / 323MB
59,2026-09-10T12:53:48.484607+00:00,119,2026-09-10T12:53:48.085018+00:00,false,monolith,monolith,19e41b42e5373a33ecf4e1c5d042cff948b624883db5db64285bd1e3988d0e92,tcc-monolith-experiment-monolith-1,52.41,90827653,1073741824,8.46,3,72.6MB / 35.9MB,19.5MB / 156kB
59,2026-09-10T12:53:48.484607+00:00,119,2026-09-10T12:53:48.085018+00:00,false,monolith,mysql,944135d5a8eb67e3211bd596103f337781de332fac44cd11bb6499c2af2bcbb8,tcc-monolith-experiment-mysql-1,36.18,534668902,1073741824,49.8,40,28.7MB / 67.4MB,59.6MB / 325MB
60,2026-09-10T12:53:49.484645+00:00,121,2026-09-10T12:53:49.085750+00:00,false,monolith,monolith,19e41b42e5373a33ecf4e1c5d042cff948b624883db5db64285bd1e3988d0e92,tcc-monolith-experiment-monolith-1,52.29,90984940,1073741824,8.47,3,73.3MB / 36.2MB,19.5MB / 156kB
60,2026-09-10T12:53:49.484645+00:00,121,2026-09-10T12:53:49.085750+00:00,false,monolith,mysql,944135d5a8eb67e3211bd596103f337781de332fac44cd11bb6499c2af2bcbb8,tcc-monolith-experiment-mysql-1,31.06,535612621,1073741824,49.88,40,29MB / 68.1MB,59.6MB / 327MB
61,2026-09-10T12:53:50.484639+00:00,123,2026-09-10T12:53:50.085326+00:00,false,monolith,monolith,19e41b42e5373a33ecf4e1c5d042cff948b624883db5db64285bd1e3988d0e92,tcc-monolith-experiment-monolith-1,53.88,91572142,1073741824,8.53,3,74.1MB / 36.6MB,19.5MB / 156kB
61,2026-09-10T12:53:50.484639+00:00,123,2026-09-10T12:53:50.085326+00:00,false,monolith,mysql,944135d5a8eb67e3211bd596103f337781de332fac44cd11bb6499c2af2bcbb8,tcc-monolith-experiment-mysql-1,34.52,535193190,1073741824,49.85,40,29.2MB / 68.9MB,59.6MB / 328MB
62,2026-09-10T12:53:51.484633+00:00,125,2026-09-10T12:53:51.085167+00:00,false,monolith,monolith,19e41b42e5373a33ecf4e1c5d042cff948b624883db5db64285bd1e3988d0e92,tcc-monolith-experiment-monolith-1,52.5,90471137,1073741824,8.43,3,74.9MB / 37MB,19.5MB / 156kB
62,2026-09-10T12:53:51.484633+00:00,125,2026-09-10T12:53:51.085167+00:00,false,monolith,mysql,944135d5a8eb67e3211bd596103f337781de332fac44cd11bb6499c2af2bcbb8,tcc-monolith-experiment-mysql-1,29.37,534878618,1073741824,49.81,40,29.5MB / 69.6MB,59.6MB / 330MB
63,2026-09-10T12:53:52.484637+00:00,127,2026-09-10T12:53:52.084797+00:00,false,monolith,monolith,19e41b42e5373a33ecf4e1c5d042cff948b624883db5db64285bd1e3988d0e92,tcc-monolith-experiment-monolith-1,51.78,89904906,1073741824,8.37,3,75.7MB / 37.4MB,19.5MB / 156kB
63,2026-09-10T12:53:52.484637+00:00,127,2026-09-10T12:53:52.084797+00:00,false,monolith,mysql,944135d5a8eb67e3211bd596103f337781de332fac44cd11bb6499c2af2bcbb8,tcc-monolith-experiment-mysql-1,34.46,535088333,1073741824,49.84,40,29.8MB / 70.4MB,59.6MB / 332MB
64,2026-09-10T12:53:53.484637+00:00,129,2026-09-10T12:53:53.085831+00:00,false,monolith,monolith,19e41b42e5373a33ecf4e1c5d042cff948b624883db5db64285bd1e3988d0e92,tcc-monolith-experiment-monolith-1,50.9,90188022,1073741824,8.4,3,76.6MB / 37.8MB,19.5MB / 156kB
64,2026-09-10T12:53:53.484637+00:00,129,2026-09-10T12:53:53.085831+00:00,false,monolith,mysql,944135d5a8eb67e3211bd596103f337781de332fac44cd11bb6499c2af2bcbb8,tcc-monolith-experiment-mysql-1,30.42,534983475,1073741824,49.82,40,30.1MB / 71.1MB,59.6MB / 333MB
65,2026-09-10T12:53:54.484636+00:00,131,2026-09-10T12:53:54.085276+00:00,false,monolith,monolith,19e41b42e5373a33ecf4e1c5d042cff948b624883db5db64285bd1e3988d0e92,tcc-monolith-experiment-monolith-1,53.36,90051707,1073741824,8.39,3,77.3MB / 38.1MB,19.5MB / 156kB
65,2026-09-10T12:53:54.484636+00:00,131,2026-09-10T12:53:54.085276+00:00,false,monolith,mysql,944135d5a8eb67e3211bd596103f337781de332fac44cd11bb6499c2af2bcbb8,tcc-monolith-experiment-mysql-1,34.32,534668902,1073741824,49.79,40,30.4MB / 71.9MB,59.6MB / 335MB
66,2026-09-10T12:53:55.484613+00:00,133,2026-09-10T12:53:55.085589+00:00,false,monolith,monolith,19e41b42e5373a33ecf4e1c5d042cff948b624883db5db64285bd1e3988d0e92,tcc-monolith-experiment-monolith-1,51.94,89779077,1073741824,8.36,3,78.1MB / 38.5MB,19.5MB / 156kB
66,2026-09-10T12:53:55.484613+00:00,133,2026-09-10T12:53:55.085589+00:00,false,monolith,mysql,944135d5a8eb67e3211bd596103f337781de332fac44cd11bb6499c2af2bcbb8,tcc-monolith-experiment-mysql-1,29.57,534354330,1073741824,49.77,40,30.7MB / 72.6MB,59.6MB / 336MB
67,2026-09-10T12:53:56.484641+00:00,135,2026-09-10T12:53:56.085342+00:00,false,monolith,monolith,19e41b42e5373a33ecf4e1c5d042cff948b624883db5db64285bd1e3988d0e92,tcc-monolith-experiment-monolith-1,53.63,89485476,1073741824,8.33,3,79MB / 38.9MB,19.5MB / 156kB
67,2026-09-10T12:53:56.484641+00:00,135,2026-09-10T12:53:56.085342+00:00,false,monolith,mysql,944135d5a8eb67e3211bd596103f337781de332fac44cd11bb6499c2af2bcbb8,tcc-monolith-experiment-mysql-1,34.55,535298048,1073741824,49.85,40,31MB / 73.4MB,59.6MB / 338MB
68,2026-09-10T12:53:57.484634+00:00,137,2026-09-10T12:53:57.085284+00:00,false,monolith,monolith,19e41b42e5373a33ecf4e1c5d042cff948b624883db5db64285bd1e3988d0e92,tcc-monolith-experiment-monolith-1,52.74,89558876,1073741824,8.34,3,79.8MB / 39.3MB,19.5MB / 156kB
68,2026-09-10T12:53:57.484634+00:00,137,2026-09-10T12:53:57.085284+00:00,false,monolith,mysql,944135d5a8eb67e3211bd596103f337781de332fac44cd11bb6499c2af2bcbb8,tcc-monolith-experiment-mysql-1,30.05,535298048,1073741824,49.85,40,31.3MB / 74.1MB,59.6MB / 339MB
69,2026-09-10T12:53:58.484767+00:00,139,2026-09-10T12:53:58.085213+00:00,false,monolith,monolith,19e41b42e5373a33ecf4e1c5d042cff948b624883db5db64285bd1e3988d0e92,tcc-monolith-experiment-monolith-1,53.03,89758106,1073741824,8.36,3,80.6MB / 39.7MB,19.5MB / 156kB
69,2026-09-10T12:53:58.484767+00:00,139,2026-09-10T12:53:58.085213+00:00,false,monolith,mysql,944135d5a8eb67e3211bd596103f337781de332fac44cd11bb6499c2af2bcbb8,tcc-monolith-experiment-mysql-1,35.17,535193190,1073741824,49.84,40,31.6MB / 74.9MB,59.6MB / 341MB
70,2026-09-10T12:53:59.484608+00:00,141,2026-09-10T12:53:59.085430+00:00,false,monolith,monolith,19e41b42e5373a33ecf4e1c5d042cff948b624883db5db64285bd1e3988d0e92,tcc-monolith-experiment-monolith-1,52.46,89485476,1073741824,8.33,3,81.4MB / 40.1MB,19.5MB / 156kB
70,2026-09-10T12:53:59.484608+00:00,141,2026-09-10T12:53:59.085430+00:00,false,monolith,mysql,944135d5a8eb67e3211bd596103f337781de332fac44cd11bb6499c2af2bcbb8,tcc-monolith-experiment-mysql-1,31.22,534878618,1073741824,49.81,40,31.9MB / 75.6MB,59.6MB / 342MB
71,2026-09-10T12:54:00.484634+00:00,143,2026-09-10T12:54:00.085119+00:00,false,monolith,monolith,19e41b42e5373a33ecf4e1c5d042cff948b624883db5db64285bd1e3988d0e92,tcc-monolith-experiment-monolith-1,54.3,89674220,1073741824,8.35,3,82.1MB / 40.4MB,19.5MB / 156kB
71,2026-09-10T12:54:00.484634+00:00,143,2026-09-10T12:54:00.085119+00:00,false,monolith,mysql,944135d5a8eb67e3211bd596103f337781de332fac44cd11bb6499c2af2bcbb8,tcc-monolith-experiment-mysql-1,35.72,535193190,1073741824,49.84,40,32.2MB / 76.3MB,59.6MB / 344MB
72,2026-09-10T12:54:01.484641+00:00,145,2026-09-10T12:54:01.085355+00:00,false,monolith,monolith,19e41b42e5373a33ecf4e1c5d042cff948b624883db5db64285bd1e3988d0e92,tcc-monolith-experiment-monolith-1,53.11,89695191,1073741824,8.35,3,82.9MB / 40.8MB,19.5MB / 156kB
72,2026-09-10T12:54:01.484641+00:00,145,2026-09-10T12:54:01.085355+00:00,false,monolith,mysql,944135d5a8eb67e3211bd596103f337781de332fac44cd11bb6499c2af2bcbb8,tcc-monolith-experiment-mysql-1,30.33,534773760,1073741824,49.81,40,32.5MB / 77MB,59.6MB / 345MB
73,2026-09-10T12:54:02.484614+00:00,147,2026-09-10T12:54:02.085255+00:00,false,monolith,monolith,19e41b42e5373a33ecf4e1c5d042cff948b624883db5db64285bd1e3988d0e92,tcc-monolith-experiment-monolith-1,52.43,90313851,1073741824,8.41,3,83.7MB / 41.2MB,19.5MB / 156kB
73,2026-09-10T12:54:02.484614+00:00,147,2026-09-10T12:54:02.085255+00:00,false,monolith,mysql,944135d5a8eb67e3211bd596103f337781de332fac44cd11bb6499c2af2bcbb8,tcc-monolith-experiment-mysql-1,33.59,535612621,1073741824,49.88,40,32.8MB / 77.8MB,59.6MB / 347MB
74,2026-09-10T12:54:03.484632+00:00,149,2026-09-10T12:54:03.085345+00:00,false,monolith,monolith,19e41b42e5373a33ecf4e1c5d042cff948b624883db5db64285bd1e3988d0e92,tcc-monolith-experiment-monolith-1,52.9,89600819,1073741824,8.34,3,84.5MB / 41.6MB,19.5MB / 156kB
74,2026-09-10T12:54:03.484632+00:00,149,2026-09-10T12:54:03.085345+00:00,false,monolith,mysql,944135d5a8eb67e3211bd596103f337781de332fac44cd11bb6499c2af2bcbb8,tcc-monolith-experiment-mysql-1,29.68,534983475,1073741824,49.82,40,33.1MB / 78.5MB,59.6MB / 348MB
75,2026-09-10T12:54:04.484641+00:00,151,2026-09-10T12:54:04.084963+00:00,false,monolith,monolith,19e41b42e5373a33ecf4e1c5d042cff948b624883db5db64285bd1e3988d0e92,tcc-monolith-experiment-monolith-1,52.74,90376765,1073741824,8.42,3,85.3MB / 42MB,19.5MB / 156kB
75,2026-09-10T12:54:04.484641+00:00,151,2026-09-10T12:54:04.084963+00:00,false,monolith,mysql,944135d5a8eb67e3211bd596103f337781de332fac44cd11bb6499c2af2bcbb8,tcc-monolith-experiment-mysql-1,34.8,535402906,1073741824,49.87,40,33.4MB / 79.3MB,59.6MB / 350MB
76,2026-09-10T12:54:05.484644+00:00,153,2026-09-10T12:54:05.085272+00:00,false,monolith,monolith,19e41b42e5373a33ecf4e1c5d042cff948b624883db5db64285bd1e3988d0e92,tcc-monolith-experiment-monolith-1,52.35,89988792,1073741824,8.38,3,86.2MB / 42.3MB,19.5MB / 156kB
76,2026-09-10T12:54:05.484644+00:00,153,2026-09-10T12:54:05.085272+00:00,false,monolith,mysql,944135d5a8eb67e3211bd596103f337781de332fac44cd11bb6499c2af2bcbb8,tcc-monolith-experiment-mysql-1,30.7,535402906,1073741824,49.86,40,33.7MB / 80MB,59.6MB / 352MB
77,2026-09-10T12:54:06.484639+00:00,155,2026-09-10T12:54:06.085026+00:00,false,monolith,monolith,19e41b42e5373a33ecf4e1c5d042cff948b624883db5db64285bd1e3988d0e92,tcc-monolith-experiment-monolith-1,53.12,89768591,1073741824,8.36,3,87MB / 42.7MB,19.5MB / 156kB
77,2026-09-10T12:54:06.484639+00:00,155,2026-09-10T12:54:06.085026+00:00,false,monolith,mysql,944135d5a8eb67e3211bd596103f337781de332fac44cd11bb6499c2af2bcbb8,tcc-monolith-experiment-mysql-1,33.31,536661197,1073741824,49.98,40,34MB / 80.8MB,59.6MB / 353MB
78,2026-09-10T12:54:07.484607+00:00,157,2026-09-10T12:54:07.085377+00:00,false,monolith,monolith,19e41b42e5373a33ecf4e1c5d042cff948b624883db5db64285bd1e3988d0e92,tcc-monolith-experiment-monolith-1,52.69,89800049,1073741824,8.36,3,87.8MB / 43.1MB,19.5MB / 156kB
78,2026-09-10T12:54:07.484607+00:00,157,2026-09-10T12:54:07.085377+00:00,false,monolith,mysql,944135d5a8eb67e3211bd596103f337781de332fac44cd11bb6499c2af2bcbb8,tcc-monolith-experiment-mysql-1,30.03,536032051,1073741824,49.92,40,34.3MB / 81.5MB,59.6MB / 355MB
79,2026-09-10T12:54:08.484640+00:00,159,2026-09-10T12:54:08.085176+00:00,false,monolith,monolith,19e41b42e5373a33ecf4e1c5d042cff948b624883db5db64285bd1e3988d0e92,tcc-monolith-experiment-monolith-1,52.63,90135593,1073741824,8.39,3,88.6MB / 43.5MB,19.5MB / 156kB
79,2026-09-10T12:54:08.484640+00:00,159,2026-09-10T12:54:08.085176+00:00,false,monolith,mysql,944135d5a8eb67e3211bd596103f337781de332fac44cd11bb6499c2af2bcbb8,tcc-monolith-experiment-mysql-1,33.44,535507763,1073741824,49.88,40,34.6MB / 82.3MB,59.6MB / 356MB
80,2026-09-10T12:54:09.484610+00:00,161,2026-09-10T12:54:09.085295+00:00,false,monolith,monolith,19e41b42e5373a33ecf4e1c5d042cff948b624883db5db64285bd1e3988d0e92,tcc-monolith-experiment-monolith-1,51.82,90030735,1073741824,8.39,3,89.4MB / 43.9MB,19.5MB / 156kB
80,2026-09-10T12:54:09.484610+00:00,161,2026-09-10T12:54:09.085295+00:00,false,monolith,mysql,944135d5a8eb67e3211bd596103f337781de332fac44cd11bb6499c2af2bcbb8,tcc-monolith-experiment-mysql-1,30.53,535612621,1073741824,49.88,40,34.9MB / 83MB,59.6MB / 358MB
81,2026-09-10T12:54:10.484654+00:00,163,2026-09-10T12:54:10.085139+00:00,false,monolith,monolith,19e41b42e5373a33ecf4e1c5d042cff948b624883db5db64285bd1e3988d0e92,tcc-monolith-experiment-monolith-1,47.87,89779077,1073741824,8.36,3,90.1MB / 44.2MB,19.5MB / 156kB
81,2026-09-10T12:54:10.484654+00:00,163,2026-09-10T12:54:10.085139+00:00,false,monolith,mysql,944135d5a8eb67e3211bd596103f337781de332fac44cd11bb6499c2af2bcbb8,tcc-monolith-experiment-mysql-1,31.07,535612621,1073741824,49.88,40,35.2MB / 83.7MB,59.6MB / 360MB
82,2026-09-10T12:54:11.484629+00:00,165,2026-09-10T12:54:11.084598+00:00,false,monolith,monolith,19e41b42e5373a33ecf4e1c5d042cff948b624883db5db64285bd1e3988d0e92,tcc-monolith-experiment-monolith-1,52.54,89936364,1073741824,8.38,3,90.9MB / 44.6MB,19.5MB / 156kB
82,2026-09-10T12:54:11.484629+00:00,165,2026-09-10T12:54:11.084598+00:00,false,monolith,mysql,944135d5a8eb67e3211bd596103f337781de332fac44cd11bb6499c2af2bcbb8,tcc-monolith-experiment-mysql-1,31.1,535193190,1073741824,49.84,40,35.5MB / 84.4MB,59.6MB / 361MB
83,2026-09-10T12:54:12.484639+00:00,167,2026-09-10T12:54:12.084866+00:00,false,monolith,monolith,19e41b42e5373a33ecf4e1c5d042cff948b624883db5db64285bd1e3988d0e92,tcc-monolith-experiment-monolith-1,52.53,89862963,1073741824,8.37,3,91.7MB / 45MB,19.5MB / 156kB
83,2026-09-10T12:54:12.484639+00:00,167,2026-09-10T12:54:12.084866+00:00,false,monolith,mysql,944135d5a8eb67e3211bd596103f337781de332fac44cd11bb6499c2af2bcbb8,tcc-monolith-experiment-mysql-1,34.1,536136909,1073741824,49.93,40,35.7MB / 85.2MB,59.6MB / 363MB
84,2026-09-10T12:54:13.484637+00:00,169,2026-09-10T12:54:13.085202+00:00,false,monolith,monolith,19e41b42e5373a33ecf4e1c5d042cff948b624883db5db64285bd1e3988d0e92,tcc-monolith-experiment-monolith-1,52.14,89936364,1073741824,8.38,3,92.5MB / 45.4MB,19.5MB / 156kB
84,2026-09-10T12:54:13.484637+00:00,169,2026-09-10T12:54:13.085202+00:00,false,monolith,mysql,944135d5a8eb67e3211bd596103f337781de332fac44cd11bb6499c2af2bcbb8,tcc-monolith-experiment-mysql-1,30.05,535298048,1073741824,49.85,40,36MB / 85.9MB,59.6MB / 365MB
85,2026-09-10T12:54:14.484641+00:00,171,2026-09-10T12:54:14.085272+00:00,false,monolith,monolith,19e41b42e5373a33ecf4e1c5d042cff948b624883db5db64285bd1e3988d0e92,tcc-monolith-experiment-monolith-1,52.62,89537905,1073741824,8.34,3,93.3MB / 45.8MB,19.5MB / 156kB
85,2026-09-10T12:54:14.484641+00:00,171,2026-09-10T12:54:14.085272+00:00,false,monolith,mysql,944135d5a8eb67e3211bd596103f337781de332fac44cd11bb6499c2af2bcbb8,tcc-monolith-experiment-mysql-1,31.01,539597210,1073741824,50.26,46,36.3MB / 86.7MB,59.6MB / 366MB
86,2026-09-10T12:54:15.484642+00:00,173,2026-09-10T12:54:15.085187+00:00,false,monolith,monolith,19e41b42e5373a33ecf4e1c5d042cff948b624883db5db64285bd1e3988d0e92,tcc-monolith-experiment-monolith-1,53.29,89988792,1073741824,8.38,3,94.1MB / 46.1MB,19.5MB / 156kB
86,2026-09-10T12:54:15.484642+00:00,173,2026-09-10T12:54:15.085187+00:00,false,monolith,mysql,944135d5a8eb67e3211bd596103f337781de332fac44cd11bb6499c2af2bcbb8,tcc-monolith-experiment-mysql-1,33.91,535298048,1073741824,49.85,40,36.6MB / 87.4MB,59.6MB / 368MB
87,2026-09-10T12:54:16.484641+00:00,175,2026-09-10T12:54:16.085557+00:00,false,monolith,monolith,19e41b42e5373a33ecf4e1c5d042cff948b624883db5db64285bd1e3988d0e92,tcc-monolith-experiment-monolith-1,52.88,89716163,1073741824,8.36,3,94.9MB / 46.5MB,19.5MB / 156kB
87,2026-09-10T12:54:16.484641+00:00,175,2026-09-10T12:54:16.085557+00:00,false,monolith,mysql,944135d5a8eb67e3211bd596103f337781de332fac44cd11bb6499c2af2bcbb8,tcc-monolith-experiment-mysql-1,30.24,535402906,1073741824,49.87,40,36.9MB / 88.1MB,59.6MB / 369MB
88,2026-09-10T12:54:17.484645+00:00,177,2026-09-10T12:54:17.085335+00:00,false,monolith,monolith,19e41b42e5373a33ecf4e1c5d042cff948b624883db5db64285bd1e3988d0e92,tcc-monolith-experiment-monolith-1,53.81,89747620,1073741824,8.36,3,95.7MB / 46.9MB,19.5MB / 156kB
88,2026-09-10T12:54:17.484645+00:00,177,2026-09-10T12:54:17.085335+00:00,false,monolith,mysql,944135d5a8eb67e3211bd596103f337781de332fac44cd11bb6499c2af2bcbb8,tcc-monolith-experiment-mysql-1,34.15,535402906,1073741824,49.86,40,37.2MB / 88.9MB,59.6MB / 371MB
89,2026-09-10T12:54:18.484641+00:00,179,2026-09-10T12:54:18.085020+00:00,false,monolith,monolith,19e41b42e5373a33ecf4e1c5d042cff948b624883db5db64285bd1e3988d0e92,tcc-monolith-experiment-monolith-1,52.33,89873449,1073741824,8.37,3,96.5MB / 47.3MB,19.5MB / 156kB
89,2026-09-10T12:54:18.484641+00:00,179,2026-09-10T12:54:18.085020+00:00,false,monolith,mysql,944135d5a8eb67e3211bd596103f337781de332fac44cd11bb6499c2af2bcbb8,tcc-monolith-experiment-mysql-1,30.31,535612621,1073741824,49.89,40,37.5MB / 89.6MB,59.6MB / 372MB
90,2026-09-10T12:54:19.484638+00:00,181,2026-09-10T12:54:19.085607+00:00,false,monolith,monolith,19e41b42e5373a33ecf4e1c5d042cff948b624883db5db64285bd1e3988d0e92,tcc-monolith-experiment-monolith-1,52.92,90156564,1073741824,8.4,3,97.3MB / 47.7MB,19.5MB / 156kB
90,2026-09-10T12:54:19.484638+00:00,181,2026-09-10T12:54:19.085607+00:00,false,monolith,mysql,944135d5a8eb67e3211bd596103f337781de332fac44cd11bb6499c2af2bcbb8,tcc-monolith-experiment-mysql-1,34.27,535507763,1073741824,49.87,40,37.8MB / 90.4MB,59.6MB / 374MB
91,2026-09-10T12:54:20.484611+00:00,183,2026-09-10T12:54:20.085071+00:00,false,monolith,monolith,19e41b42e5373a33ecf4e1c5d042cff948b624883db5db64285bd1e3988d0e92,tcc-monolith-experiment-monolith-1,53.21,89883935,1073741824,8.37,3,98.1MB / 48.1MB,19.5MB / 156kB
91,2026-09-10T12:54:20.484611+00:00,183,2026-09-10T12:54:20.085071+00:00,false,monolith,mysql,944135d5a8eb67e3211bd596103f337781de332fac44cd11bb6499c2af2bcbb8,tcc-monolith-experiment-mysql-1,30.25,535717478,1073741824,49.9,40,38.1MB / 91.1MB,59.6MB / 375MB
92,2026-09-10T12:54:21.484639+00:00,185,2026-09-10T12:54:21.085283+00:00,false,monolith,monolith,19e41b42e5373a33ecf4e1c5d042cff948b624883db5db64285bd1e3988d0e92,tcc-monolith-experiment-monolith-1,53.11,90135593,1073741824,8.39,3,98.9MB / 48.4MB,19.5MB / 156kB
92,2026-09-10T12:54:21.484639+00:00,185,2026-09-10T12:54:21.085283+00:00,false,monolith,mysql,944135d5a8eb67e3211bd596103f337781de332fac44cd11bb6499c2af2bcbb8,tcc-monolith-experiment-mysql-1,34.32,535507763,1073741824,49.87,40,38.4MB / 91.8MB,59.6MB / 376MB
93,2026-09-10T12:54:22.484613+00:00,187,2026-09-10T12:54:22.084763+00:00,false,monolith,monolith,19e41b42e5373a33ecf4e1c5d042cff948b624883db5db64285bd1e3988d0e92,tcc-monolith-experiment-monolith-1,32.28,89181389,1073741824,8.31,3,99.4MB / 48.7MB,19.5MB / 156kB
93,2026-09-10T12:54:22.484613+00:00,187,2026-09-10T12:54:22.084763+00:00,false,monolith,mysql,944135d5a8eb67e3211bd596103f337781de332fac44cd11bb6499c2af2bcbb8,tcc-monolith-experiment-mysql-1,19.37,535402906,1073741824,49.86,40,38.6MB / 92.3MB,59.6MB / 377MB
94,2026-09-10T12:54:23.484635+00:00,189,2026-09-10T12:54:23.085097+00:00,false,monolith,monolith,19e41b42e5373a33ecf4e1c5d042cff948b624883db5db64285bd1e3988d0e92,tcc-monolith-experiment-monolith-1,19.21,89915392,1073741824,8.37,3,99.7MB / 48.8MB,19.5MB / 156kB
94,2026-09-10T12:54:23.484635+00:00,189,2026-09-10T12:54:23.085097+00:00,false,monolith,mysql,944135d5a8eb67e3211bd596103f337781de332fac44cd11bb6499c2af2bcbb8,tcc-monolith-experiment-mysql-1,17.66,536241766,1073741824,49.94,40,38.7MB / 92.6MB,59.6MB / 378MB
95,2026-09-10T12:54:24.484613+00:00,191,2026-09-10T12:54:24.085321+00:00,false,monolith,monolith,19e41b42e5373a33ecf4e1c5d042cff948b624883db5db64285bd1e3988d0e92,tcc-monolith-experiment-monolith-1,52.51,90020250,1073741824,8.38,3,101MB / 49.2MB,19.5MB / 156kB
95,2026-09-10T12:54:24.484613+00:00,191,2026-09-10T12:54:24.085321+00:00,false,monolith,mysql,944135d5a8eb67e3211bd596103f337781de332fac44cd11bb6499c2af2bcbb8,tcc-monolith-experiment-mysql-1,30.36,535822336,1073741824,49.9,40,39MB / 93.3MB,59.6MB / 380MB
96,2026-09-10T12:54:25.484633+00:00,193,2026-09-10T12:54:25.085265+00:00,false,monolith,monolith,19e41b42e5373a33ecf4e1c5d042cff948b624883db5db64285bd1e3988d0e92,tcc-monolith-experiment-monolith-1,50.3,89611305,1073741824,8.35,3,101MB / 49.5MB,19.5MB / 156kB
96,2026-09-10T12:54:25.484633+00:00,193,2026-09-10T12:54:25.085265+00:00,false,monolith,mysql,944135d5a8eb67e3211bd596103f337781de332fac44cd11bb6499c2af2bcbb8,tcc-monolith-experiment-mysql-1,32.47,535612621,1073741824,49.88,40,39.3MB / 94MB,59.6MB / 381MB
97,2026-09-10T12:54:26.484635+00:00,195,2026-09-10T12:54:26.085389+00:00,false,monolith,monolith,19e41b42e5373a33ecf4e1c5d042cff948b624883db5db64285bd1e3988d0e92,tcc-monolith-experiment-monolith-1,50.57,89894420,1073741824,8.37,3,102MB / 49.9MB,19.5MB / 156kB
97,2026-09-10T12:54:26.484635+00:00,195,2026-09-10T12:54:26.085389+00:00,false,monolith,mysql,944135d5a8eb67e3211bd596103f337781de332fac44cd11bb6499c2af2bcbb8,tcc-monolith-experiment-mysql-1,28.31,535298048,1073741824,49.86,40,39.6MB / 94.7MB,59.6MB / 383MB
98,2026-09-10T12:54:27.484613+00:00,197,2026-09-10T12:54:27.085319+00:00,false,monolith,monolith,19e41b42e5373a33ecf4e1c5d042cff948b624883db5db64285bd1e3988d0e92,tcc-monolith-experiment-monolith-1,53.77,90292879,1073741824,8.41,3,103MB / 50.3MB,19.5MB / 156kB
98,2026-09-10T12:54:27.484613+00:00,197,2026-09-10T12:54:27.085319+00:00,false,monolith,mysql,944135d5a8eb67e3211bd596103f337781de332fac44cd11bb6499c2af2bcbb8,tcc-monolith-experiment-mysql-1,33.35,536346624,1073741824,49.95,40,39.9MB / 95.5MB,59.6MB / 384MB
99,2026-09-10T12:54:28.484609+00:00,199,2026-09-10T12:54:28.084982+00:00,false,monolith,monolith,19e41b42e5373a33ecf4e1c5d042cff948b624883db5db64285bd1e3988d0e92,tcc-monolith-experiment-monolith-1,52.58,90596966,1073741824,8.44,3,104MB / 50.7MB,19.5MB / 156kB
99,2026-09-10T12:54:28.484609+00:00,199,2026-09-10T12:54:28.084982+00:00,false,monolith,mysql,944135d5a8eb67e3211bd596103f337781de332fac44cd11bb6499c2af2bcbb8,tcc-monolith-experiment-mysql-1,31.25,536766054,1073741824,49.99,40,40.1MB / 96.2MB,59.6MB / 386MB
100,2026-09-10T12:54:29.484639+00:00,201,2026-09-10T12:54:29.085365+00:00,false,monolith,monolith,19e41b42e5373a33ecf4e1c5d042cff948b624883db5db64285bd1e3988d0e92,tcc-monolith-experiment-monolith-1,52.76,91289027,1073741824,8.5,3,104MB / 51MB,19.5MB / 156kB
100,2026-09-10T12:54:29.484639+00:00,201,2026-09-10T12:54:29.085365+00:00,false,monolith,mysql,944135d5a8eb67e3211bd596103f337781de332fac44cd11bb6499c2af2bcbb8,tcc-monolith-experiment-mysql-1,35.87,536032051,1073741824,49.92,40,40.4MB / 96.9MB,59.6MB / 387MB
101,2026-09-10T12:54:30.484632+00:00,203,2026-09-10T12:54:30.085456+00:00,false,monolith,monolith,19e41b42e5373a33ecf4e1c5d042cff948b624883db5db64285bd1e3988d0e92,tcc-monolith-experiment-monolith-1,53.39,90345308,1073741824,8.41,3,105MB / 51.4MB,19.5MB / 156kB
101,2026-09-10T12:54:30.484632+00:00,203,2026-09-10T12:54:30.085456+00:00,false,monolith,mysql,944135d5a8eb67e3211bd596103f337781de332fac44cd11bb6499c2af2bcbb8,tcc-monolith-experiment-mysql-1,32.45,535927194,1073741824,49.92,40,40.7MB / 97.6MB,59.6MB / 389MB
102,2026-09-10T12:54:31.484639+00:00,205,2026-09-10T12:54:31.085347+00:00,false,monolith,monolith,19e41b42e5373a33ecf4e1c5d042cff948b624883db5db64285bd1e3988d0e92,tcc-monolith-experiment-monolith-1,52.4,90701824,1073741824,8.45,3,106MB / 51.8MB,19.5MB / 156kB
102,2026-09-10T12:54:31.484639+00:00,205,2026-09-10T12:54:31.085347+00:00,false,monolith,mysql,944135d5a8eb67e3211bd596103f337781de332fac44cd11bb6499c2af2bcbb8,tcc-monolith-experiment-mysql-1,36.01,536032051,1073741824,49.92,40,41MB / 98.3MB,59.6MB / 390MB
103,2026-09-10T12:54:32.484642+00:00,207,2026-09-10T12:54:32.085398+00:00,false,monolith,monolith,19e41b42e5373a33ecf4e1c5d042cff948b624883db5db64285bd1e3988d0e92,tcc-monolith-experiment-monolith-1,50.2,90418708,1073741824,8.42,3,107MB / 52.1MB,19.5MB / 156kB
103,2026-09-10T12:54:32.484642+00:00,207,2026-09-10T12:54:32.085398+00:00,false,monolith,mysql,944135d5a8eb67e3211bd596103f337781de332fac44cd11bb6499c2af2bcbb8,tcc-monolith-experiment-mysql-1,30.86,536241766,1073741824,49.94,40,41.3MB / 99MB,59.6MB / 392MB
104,2026-09-10T12:54:33.484631+00:00,209,2026-09-10T12:54:33.085450+00:00,false,monolith,monolith,19e41b42e5373a33ecf4e1c5d042cff948b624883db5db64285bd1e3988d0e92,tcc-monolith-experiment-monolith-1,49.62,91016397,1073741824,8.48,3,107MB / 52.5MB,19.5MB / 156kB
104,2026-09-10T12:54:33.484631+00:00,209,2026-09-10T12:54:33.085450+00:00,false,monolith,mysql,944135d5a8eb67e3211bd596103f337781de332fac44cd11bb6499c2af2bcbb8,tcc-monolith-experiment-mysql-1,34.56,535822336,1073741824,49.91,40,41.5MB / 99.7MB,59.6MB / 393MB
105,2026-09-10T12:54:34.484595+00:00,211,2026-09-10T12:54:34.085170+00:00,false,monolith,monolith,19e41b42e5373a33ecf4e1c5d042cff948b624883db5db64285bd1e3988d0e92,tcc-monolith-experiment-monolith-1,53.41,90198508,1073741824,8.4,3,108MB / 52.8MB,19.5MB / 156kB
105,2026-09-10T12:54:34.484595+00:00,211,2026-09-10T12:54:34.085170+00:00,false,monolith,mysql,944135d5a8eb67e3211bd596103f337781de332fac44cd11bb6499c2af2bcbb8,tcc-monolith-experiment-mysql-1,31.97,535822336,1073741824,49.9,40,41.8MB / 100MB,59.6MB / 395MB
106,2026-09-10T12:54:35.484608+00:00,213,2026-09-10T12:54:35.085285+00:00,false,monolith,monolith,19e41b42e5373a33ecf4e1c5d042cff948b624883db5db64285bd1e3988d0e92,tcc-monolith-experiment-monolith-1,51.25,90072678,1073741824,8.39,3,109MB / 53.2MB,19.5MB / 156kB
106,2026-09-10T12:54:35.484608+00:00,213,2026-09-10T12:54:35.085285+00:00,false,monolith,mysql,944135d5a8eb67e3211bd596103f337781de332fac44cd11bb6499c2af2bcbb8,tcc-monolith-experiment-mysql-1,35.6,536032051,1073741824,49.92,40,42.1MB / 101MB,59.6MB / 396MB
107,2026-09-10T12:54:36.484625+00:00,215,2026-09-10T12:54:36.084720+00:00,false,monolith,monolith,19e41b42e5373a33ecf4e1c5d042cff948b624883db5db64285bd1e3988d0e92,tcc-monolith-experiment-monolith-1,53.19,89443533,1073741824,8.33,3,110MB / 53.6MB,19.5MB / 156kB
107,2026-09-10T12:54:36.484625+00:00,215,2026-09-10T12:54:36.084720+00:00,false,monolith,mysql,944135d5a8eb67e3211bd596103f337781de332fac44cd11bb6499c2af2bcbb8,tcc-monolith-experiment-mysql-1,31.73,535402906,1073741824,49.86,40,42.4MB / 102MB,59.6MB / 397MB
108,2026-09-10T12:54:37.484636+00:00,217,2026-09-10T12:54:37.085292+00:00,false,monolith,monolith,19e41b42e5373a33ecf4e1c5d042cff948b624883db5db64285bd1e3988d0e92,tcc-monolith-experiment-monolith-1,51.92,89999278,1073741824,8.38,3,111MB / 53.9MB,19.5MB / 156kB
108,2026-09-10T12:54:37.484636+00:00,217,2026-09-10T12:54:37.085292+00:00,false,monolith,mysql,944135d5a8eb67e3211bd596103f337781de332fac44cd11bb6499c2af2bcbb8,tcc-monolith-experiment-mysql-1,35.79,536346624,1073741824,49.95,40,42.7MB / 103MB,59.6MB / 399MB
109,2026-09-10T12:54:38.484641+00:00,219,2026-09-10T12:54:38.085298+00:00,false,monolith,monolith,19e41b42e5373a33ecf4e1c5d042cff948b624883db5db64285bd1e3988d0e92,tcc-monolith-experiment-monolith-1,52.03,89653248,1073741824,8.35,3,111MB / 54.3MB,19.5MB / 156kB
109,2026-09-10T12:54:38.484641+00:00,219,2026-09-10T12:54:38.085298+00:00,false,monolith,mysql,944135d5a8eb67e3211bd596103f337781de332fac44cd11bb6499c2af2bcbb8,tcc-monolith-experiment-mysql-1,31.48,536346624,1073741824,49.95,40,43MB / 103MB,59.6MB / 401MB
110,2026-09-10T12:54:39.484602+00:00,221,2026-09-10T12:54:39.085725+00:00,false,monolith,monolith,19e41b42e5373a33ecf4e1c5d042cff948b624883db5db64285bd1e3988d0e92,tcc-monolith-experiment-monolith-1,37.53,91089797,1073741824,8.48,3,112MB / 54.6MB,19.5MB / 156kB
110,2026-09-10T12:54:39.484602+00:00,221,2026-09-10T12:54:39.085725+00:00,false,monolith,mysql,944135d5a8eb67e3211bd596103f337781de332fac44cd11bb6499c2af2bcbb8,tcc-monolith-experiment-mysql-1,27.99,536766054,1073741824,49.99,40,43.2MB / 104MB,59.6MB / 402MB
111,2026-09-10T12:54:40.484631+00:00,223,2026-09-10T12:54:40.085275+00:00,false,monolith,monolith,19e41b42e5373a33ecf4e1c5d042cff948b624883db5db64285bd1e3988d0e92,tcc-monolith-experiment-monolith-1,52.43,90481623,1073741824,8.43,3,113MB / 54.9MB,19.5MB / 156kB
111,2026-09-10T12:54:40.484631+00:00,223,2026-09-10T12:54:40.085275+00:00,false,monolith,mysql,944135d5a8eb67e3211bd596103f337781de332fac44cd11bb6499c2af2bcbb8,tcc-monolith-experiment-mysql-1,31.25,536661197,1073741824,49.98,40,43.5MB / 104MB,59.6MB / 403MB
112,2026-09-10T12:54:41.484635+00:00,225,2026-09-10T12:54:41.084638+00:00,false,monolith,monolith,19e41b42e5373a33ecf4e1c5d042cff948b624883db5db64285bd1e3988d0e92,tcc-monolith-experiment-monolith-1,49.21,90146079,1073741824,8.4,3,113MB / 55.3MB,19.5MB / 156kB
112,2026-09-10T12:54:41.484635+00:00,225,2026-09-10T12:54:41.084638+00:00,false,monolith,mysql,944135d5a8eb67e3211bd596103f337781de332fac44cd11bb6499c2af2bcbb8,tcc-monolith-experiment-mysql-1,33.73,536870912,1073741824,50.0,40,43.7MB / 105MB,59.6MB / 405MB
113,2026-09-10T12:54:42.484635+00:00,227,2026-09-10T12:54:42.084721+00:00,false,monolith,monolith,19e41b42e5373a33ecf4e1c5d042cff948b624883db5db64285bd1e3988d0e92,tcc-monolith-experiment-monolith-1,51.38,90963968,1073741824,8.47,3,114MB / 55.7MB,19.5MB / 156kB
113,2026-09-10T12:54:42.484635+00:00,227,2026-09-10T12:54:42.084721+00:00,false,monolith,mysql,944135d5a8eb67e3211bd596103f337781de332fac44cd11bb6499c2af2bcbb8,tcc-monolith-experiment-mysql-1,31.82,536241766,1073741824,49.94,40,44MB / 106MB,59.6MB / 406MB
114,2026-09-10T12:54:43.484607+00:00,229,2026-09-10T12:54:43.085533+00:00,false,monolith,monolith,19e41b42e5373a33ecf4e1c5d042cff948b624883db5db64285bd1e3988d0e92,tcc-monolith-experiment-monolith-1,52.35,91624571,1073741824,8.53,3,115MB / 56MB,19.5MB / 156kB
114,2026-09-10T12:54:43.484607+00:00,229,2026-09-10T12:54:43.085533+00:00,false,monolith,mysql,944135d5a8eb67e3211bd596103f337781de332fac44cd11bb6499c2af2bcbb8,tcc-monolith-experiment-mysql-1,36.02,536556339,1073741824,49.97,40,44.3MB / 107MB,59.6MB / 407MB
115,2026-09-10T12:54:44.484614+00:00,231,2026-09-10T12:54:44.085660+00:00,false,monolith,monolith,19e41b42e5373a33ecf4e1c5d042cff948b624883db5db64285bd1e3988d0e92,tcc-monolith-experiment-monolith-1,52.31,90775224,1073741824,8.45,3,116MB / 56.4MB,19.5MB / 156kB
115,2026-09-10T12:54:44.484614+00:00,231,2026-09-10T12:54:44.085660+00:00,false,monolith,mysql,944135d5a8eb67e3211bd596103f337781de332fac44cd11bb6499c2af2bcbb8,tcc-monolith-experiment-mysql-1,31.71,536556339,1073741824,49.97,40,44.6MB / 107MB,59.6MB / 409MB
116,2026-09-10T12:54:45.484612+00:00,233,2026-09-10T12:54:45.085541+00:00,false,monolith,monolith,19e41b42e5373a33ecf4e1c5d042cff948b624883db5db64285bd1e3988d0e92,tcc-monolith-experiment-monolith-1,53.38,90649395,1073741824,8.44,3,116MB / 56.7MB,19.5MB / 156kB
116,2026-09-10T12:54:45.484612+00:00,233,2026-09-10T12:54:45.085541+00:00,false,monolith,mysql,944135d5a8eb67e3211bd596103f337781de332fac44cd11bb6499c2af2bcbb8,tcc-monolith-experiment-mysql-1,37.32,536975770,1073741824,50.01,40,44.8MB / 108MB,59.6MB / 410MB
117,2026-09-10T12:54:46.484638+00:00,235,2026-09-10T12:54:46.085551+00:00,false,monolith,monolith,19e41b42e5373a33ecf4e1c5d042cff948b624883db5db64285bd1e3988d0e92,tcc-monolith-experiment-monolith-1,52.56,91435827,1073741824,8.52,3,117MB / 57.1MB,19.5MB / 156kB
117,2026-09-10T12:54:46.484638+00:00,235,2026-09-10T12:54:46.085551+00:00,false,monolith,mysql,944135d5a8eb67e3211bd596103f337781de332fac44cd11bb6499c2af2bcbb8,tcc-monolith-experiment-mysql-1,32.02,536556339,1073741824,49.97,40,45.1MB / 109MB,59.6MB / 413MB
118,2026-09-10T12:54:47.484628+00:00,237,2026-09-10T12:54:47.085351+00:00,false,monolith,monolith,19e41b42e5373a33ecf4e1c5d042cff948b624883db5db64285bd1e3988d0e92,tcc-monolith-experiment-monolith-1,52.62,91519713,1073741824,8.52,3,118MB / 57.5MB,19.5MB / 156kB
118,2026-09-10T12:54:47.484628+00:00,237,2026-09-10T12:54:47.085351+00:00,false,monolith,mysql,944135d5a8eb67e3211bd596103f337781de332fac44cd11bb6499c2af2bcbb8,tcc-monolith-experiment-mysql-1,35.84,537395200,1073741824,50.05,40,45.4MB / 109MB,59.6MB / 414MB
119,2026-09-10T12:54:48.484600+00:00,239,2026-09-10T12:54:48.084798+00:00,false,monolith,monolith,19e41b42e5373a33ecf4e1c5d042cff948b624883db5db64285bd1e3988d0e92,tcc-monolith-experiment-monolith-1,51.54,90880082,1073741824,8.46,3,119MB / 57.8MB,19.5MB / 156kB
119,2026-09-10T12:54:48.484600+00:00,239,2026-09-10T12:54:48.084798+00:00,false,monolith,mysql,944135d5a8eb67e3211bd596103f337781de332fac44cd11bb6499c2af2bcbb8,tcc-monolith-experiment-mysql-1,31.54,536975770,1073741824,50.01,40,45.7MB / 110MB,59.6MB / 415MB
120,2026-09-10T12:54:49.484598+00:00,241,2026-09-10T12:54:49.085295+00:00,false,monolith,monolith,19e41b42e5373a33ecf4e1c5d042cff948b624883db5db64285bd1e3988d0e92,tcc-monolith-experiment-monolith-1,52.67,91477770,1073741824,8.52,3,119MB / 58.2MB,19.5MB / 156kB
120,2026-09-10T12:54:49.484598+00:00,241,2026-09-10T12:54:49.085295+00:00,false,monolith,mysql,944135d5a8eb67e3211bd596103f337781de332fac44cd11bb6499c2af2bcbb8,tcc-monolith-experiment-mysql-1,36.36,536661197,1073741824,49.98,40,46MB / 111MB,59.6MB / 417MB
