sample_index,captured_at_utc,architecture,service,container_id,container_name,cpu_percent,memory_used_bytes,memory_limit_bytes,memory_percent,pids,network_io,block_io
1,2026-08-11T13:38:48.352447+00:00,microservices,auth,96d7c9607011b8ae952f7deaff9c9321463fcae871992a2eaa8b7f59b9d4f724,tcc-microservices-experiment-auth-1,0.03,94665441,1073741824,8.82,3,42.4kB / 42.4kB,15.7MB / 98.3kB
1,2026-08-11T13:38:48.352447+00:00,microservices,gateway,4b0f98c924a18e9ee701dd7c361b7dbf431d9f652e6453fc70d389fe68a4386d,tcc-microservices-experiment-gateway-1,0.21,381262234,536870912,71.01,33,3.02MB / 3.36MB,83.1MB / 168kB
1,2026-08-11T13:38:48.352447+00:00,microservices,mysql,454aec9430e9a68943c7929a5c8e106abcdd8c0694f3ec0b1219c25e504eefae,tcc-microservices-experiment-mysql-1,0.89,521247130,1073741824,48.54,36,5.58MB / 8.48MB,36.8MB / 131MB
1,2026-08-11T13:38:48.352447+00:00,microservices,order,e7cc547496c6326a6b0a1ab63c87cf6824fb3b7dd12ce53875b6a81ec3e94140,tcc-microservices-experiment-order-1,0.03,88982159,1073741824,8.29,3,5.31MB / 4.14MB,14MB / 123kB
1,2026-08-11T13:38:48.352447+00:00,microservices,product,186ffc6befd05e9b56f25a1f7bd313db163b4a9c4fa690cae5ea36b6618db6b6,tcc-microservices-experiment-product-1,0.03,94162125,1073741824,8.77,3,3.86MB / 4.01MB,16.9MB / 131kB
2,2026-08-11T13:38:49.355933+00:00,microservices,auth,96d7c9607011b8ae952f7deaff9c9321463fcae871992a2eaa8b7f59b9d4f724,tcc-microservices-experiment-auth-1,0.03,94665441,1073741824,8.82,3,42.4kB / 42.4kB,15.7MB / 98.3kB
2,2026-08-11T13:38:49.355933+00:00,microservices,gateway,4b0f98c924a18e9ee701dd7c361b7dbf431d9f652e6453fc70d389fe68a4386d,tcc-microservices-experiment-gateway-1,0.25,381262234,536870912,71.01,33,3.02MB / 3.36MB,83.1MB / 168kB
2,2026-08-11T13:38:49.355933+00:00,microservices,mysql,454aec9430e9a68943c7929a5c8e106abcdd8c0694f3ec0b1219c25e504eefae,tcc-microservices-experiment-mysql-1,2.82,523763712,1073741824,48.78,42,5.58MB / 8.48MB,36.8MB / 131MB
2,2026-08-11T13:38:49.355933+00:00,microservices,order,e7cc547496c6326a6b0a1ab63c87cf6824fb3b7dd12ce53875b6a81ec3e94140,tcc-microservices-experiment-order-1,0.02,88982159,1073741824,8.29,3,5.31MB / 4.14MB,14MB / 123kB
2,2026-08-11T13:38:49.355933+00:00,microservices,product,186ffc6befd05e9b56f25a1f7bd313db163b4a9c4fa690cae5ea36b6618db6b6,tcc-microservices-experiment-product-1,0.03,94162125,1073741824,8.77,3,3.86MB / 4.01MB,16.9MB / 131kB
3,2026-08-11T13:38:50.353400+00:00,microservices,auth,96d7c9607011b8ae952f7deaff9c9321463fcae871992a2eaa8b7f59b9d4f724,tcc-microservices-experiment-auth-1,0.03,94665441,1073741824,8.82,3,42.4kB / 42.4kB,15.7MB / 98.3kB
3,2026-08-11T13:38:50.353400+00:00,microservices,gateway,4b0f98c924a18e9ee701dd7c361b7dbf431d9f652e6453fc70d389fe68a4386d,tcc-microservices-experiment-gateway-1,0.16,381262234,536870912,71.01,33,3.02MB / 3.36MB,83.1MB / 168kB
3,2026-08-11T13:38:50.353400+00:00,microservices,mysql,454aec9430e9a68943c7929a5c8e106abcdd8c0694f3ec0b1219c25e504eefae,tcc-microservices-experiment-mysql-1,5.27,521247130,1073741824,48.54,36,5.58MB / 8.48MB,36.8MB / 131MB
3,2026-08-11T13:38:50.353400+00:00,microservices,order,e7cc547496c6326a6b0a1ab63c87cf6824fb3b7dd12ce53875b6a81ec3e94140,tcc-microservices-experiment-order-1,0.03,88982159,1073741824,8.29,3,5.31MB / 4.14MB,14MB / 123kB
3,2026-08-11T13:38:50.353400+00:00,microservices,product,186ffc6befd05e9b56f25a1f7bd313db163b4a9c4fa690cae5ea36b6618db6b6,tcc-microservices-experiment-product-1,0.03,94162125,1073741824,8.77,3,3.86MB / 4.01MB,16.9MB / 131kB
4,2026-08-11T13:38:51.849217+00:00,microservices,auth,96d7c9607011b8ae952f7deaff9c9321463fcae871992a2eaa8b7f59b9d4f724,tcc-microservices-experiment-auth-1,0.04,94665441,1073741824,8.82,3,42.4kB / 42.4kB,15.7MB / 98.3kB
4,2026-08-11T13:38:51.849217+00:00,microservices,gateway,4b0f98c924a18e9ee701dd7c361b7dbf431d9f652e6453fc70d389fe68a4386d,tcc-microservices-experiment-gateway-1,0.21,381157376,536870912,70.99,32,3.02MB / 3.36MB,83.1MB / 184kB
4,2026-08-11T13:38:51.849217+00:00,microservices,mysql,454aec9430e9a68943c7929a5c8e106abcdd8c0694f3ec0b1219c25e504eefae,tcc-microservices-experiment-mysql-1,0.69,521247130,1073741824,48.54,36,5.58MB / 8.48MB,36.8MB / 131MB
4,2026-08-11T13:38:51.849217+00:00,microservices,order,e7cc547496c6326a6b0a1ab63c87cf6824fb3b7dd12ce53875b6a81ec3e94140,tcc-microservices-experiment-order-1,0.02,88982159,1073741824,8.29,3,5.31MB / 4.14MB,14MB / 123kB
4,2026-08-11T13:38:51.849217+00:00,microservices,product,186ffc6befd05e9b56f25a1f7bd313db163b4a9c4fa690cae5ea36b6618db6b6,tcc-microservices-experiment-product-1,0.02,94162125,1073741824,8.77,3,3.86MB / 4.01MB,16.9MB / 131kB
5,2026-08-11T13:38:52.353446+00:00,microservices,auth,96d7c9607011b8ae952f7deaff9c9321463fcae871992a2eaa8b7f59b9d4f724,tcc-microservices-experiment-auth-1,0.04,94665441,1073741824,8.82,3,42.4kB / 42.4kB,15.7MB / 98.3kB
5,2026-08-11T13:38:52.353446+00:00,microservices,gateway,4b0f98c924a18e9ee701dd7c361b7dbf431d9f652e6453fc70d389fe68a4386d,tcc-microservices-experiment-gateway-1,0.21,381157376,536870912,70.99,32,3.02MB / 3.36MB,83.1MB / 184kB
5,2026-08-11T13:38:52.353446+00:00,microservices,mysql,454aec9430e9a68943c7929a5c8e106abcdd8c0694f3ec0b1219c25e504eefae,tcc-microservices-experiment-mysql-1,0.69,521247130,1073741824,48.54,36,5.58MB / 8.48MB,36.8MB / 131MB
5,2026-08-11T13:38:52.353446+00:00,microservices,order,e7cc547496c6326a6b0a1ab63c87cf6824fb3b7dd12ce53875b6a81ec3e94140,tcc-microservices-experiment-order-1,0.02,88982159,1073741824,8.29,3,5.31MB / 4.14MB,14MB / 123kB
5,2026-08-11T13:38:52.353446+00:00,microservices,product,186ffc6befd05e9b56f25a1f7bd313db163b4a9c4fa690cae5ea36b6618db6b6,tcc-microservices-experiment-product-1,0.02,94162125,1073741824,8.77,3,3.86MB / 4.01MB,16.9MB / 131kB
6,2026-08-11T13:38:55.353009+00:00,microservices,auth,96d7c9607011b8ae952f7deaff9c9321463fcae871992a2eaa8b7f59b9d4f724,tcc-microservices-experiment-auth-1,0.03,94665441,1073741824,8.82,3,42.4kB / 42.4kB,15.7MB / 98.3kB
6,2026-08-11T13:38:55.353009+00:00,microservices,gateway,4b0f98c924a18e9ee701dd7c361b7dbf431d9f652e6453fc70d389fe68a4386d,tcc-microservices-experiment-gateway-1,4.9,382310810,536870912,71.2,32,3.05MB / 3.4MB,83.1MB / 184kB
6,2026-08-11T13:38:55.353009+00:00,microservices,mysql,454aec9430e9a68943c7929a5c8e106abcdd8c0694f3ec0b1219c25e504eefae,tcc-microservices-experiment-mysql-1,2.2,521247130,1073741824,48.54,36,5.59MB / 8.51MB,36.8MB / 131MB
6,2026-08-11T13:38:55.353009+00:00,microservices,order,e7cc547496c6326a6b0a1ab63c87cf6824fb3b7dd12ce53875b6a81ec3e94140,tcc-microservices-experiment-order-1,0.03,88982159,1073741824,8.29,3,5.31MB / 4.14MB,14MB / 123kB
6,2026-08-11T13:38:55.353009+00:00,microservices,product,186ffc6befd05e9b56f25a1f7bd313db163b4a9c4fa690cae5ea36b6618db6b6,tcc-microservices-experiment-product-1,6.46,94172611,1073741824,8.77,3,3.89MB / 4.04MB,16.9MB / 131kB
7,2026-08-11T13:38:56.849552+00:00,microservices,auth,96d7c9607011b8ae952f7deaff9c9321463fcae871992a2eaa8b7f59b9d4f724,tcc-microservices-experiment-auth-1,0.05,94665441,1073741824,8.82,3,42.4kB / 42.4kB,15.7MB / 98.3kB
7,2026-08-11T13:38:56.849552+00:00,microservices,gateway,4b0f98c924a18e9ee701dd7c361b7dbf431d9f652e6453fc70d389fe68a4386d,tcc-microservices-experiment-gateway-1,22.61,382415667,536870912,71.22,32,3.09MB / 3.43MB,83.1MB / 184kB
7,2026-08-11T13:38:56.849552+00:00,microservices,mysql,454aec9430e9a68943c7929a5c8e106abcdd8c0694f3ec0b1219c25e504eefae,tcc-microservices-experiment-mysql-1,11.07,521247130,1073741824,48.54,36,5.6MB / 8.54MB,36.8MB / 131MB
7,2026-08-11T13:38:56.849552+00:00,microservices,order,e7cc547496c6326a6b0a1ab63c87cf6824fb3b7dd12ce53875b6a81ec3e94140,tcc-microservices-experiment-order-1,0.22,88982159,1073741824,8.29,3,5.31MB / 4.14MB,14MB / 123kB
7,2026-08-11T13:38:56.849552+00:00,microservices,product,186ffc6befd05e9b56f25a1f7bd313db163b4a9c4fa690cae5ea36b6618db6b6,tcc-microservices-experiment-product-1,17.54,94162125,1073741824,8.77,3,3.93MB / 4.08MB,16.9MB / 131kB
8,2026-08-11T13:38:57.849752+00:00,microservices,auth,96d7c9607011b8ae952f7deaff9c9321463fcae871992a2eaa8b7f59b9d4f724,tcc-microservices-experiment-auth-1,0.02,94665441,1073741824,8.82,3,42.4kB / 42.4kB,15.7MB / 98.3kB
8,2026-08-11T13:38:57.849752+00:00,microservices,gateway,4b0f98c924a18e9ee701dd7c361b7dbf431d9f652e6453fc70d389fe68a4386d,tcc-microservices-experiment-gateway-1,87.79,382939955,536870912,71.33,32,3.48MB / 3.87MB,83.1MB / 184kB
8,2026-08-11T13:38:57.849752+00:00,microservices,mysql,454aec9430e9a68943c7929a5c8e106abcdd8c0694f3ec0b1219c25e504eefae,tcc-microservices-experiment-mysql-1,14.04,521247130,1073741824,48.54,36,5.74MB / 8.9MB,36.8MB / 131MB
8,2026-08-11T13:38:57.849752+00:00,microservices,order,e7cc547496c6326a6b0a1ab63c87cf6824fb3b7dd12ce53875b6a81ec3e94140,tcc-microservices-experiment-order-1,0.02,88982159,1073741824,8.29,3,5.31MB / 4.14MB,14MB / 123kB
8,2026-08-11T13:38:57.849752+00:00,microservices,product,186ffc6befd05e9b56f25a1f7bd313db163b4a9c4fa690cae5ea36b6618db6b6,tcc-microservices-experiment-product-1,69.53,94183096,1073741824,8.77,3,4.39MB / 4.56MB,16.9MB / 131kB
9,2026-08-11T13:38:58.848366+00:00,microservices,auth,96d7c9607011b8ae952f7deaff9c9321463fcae871992a2eaa8b7f59b9d4f724,tcc-microservices-experiment-auth-1,0.02,94665441,1073741824,8.82,3,42.4kB / 42.4kB,15.7MB / 98.3kB
9,2026-08-11T13:38:58.848366+00:00,microservices,gateway,4b0f98c924a18e9ee701dd7c361b7dbf431d9f652e6453fc70d389fe68a4386d,tcc-microservices-experiment-gateway-1,94.07,384198246,536870912,71.57,32,3.8MB / 4.23MB,83.1MB / 184kB
9,2026-08-11T13:38:58.848366+00:00,microservices,mysql,454aec9430e9a68943c7929a5c8e106abcdd8c0694f3ec0b1219c25e504eefae,tcc-microservices-experiment-mysql-1,16.16,522190848,1073741824,48.64,41,5.85MB / 9.2MB,36.8MB / 131MB
9,2026-08-11T13:38:58.848366+00:00,microservices,order,e7cc547496c6326a6b0a1ab63c87cf6824fb3b7dd12ce53875b6a81ec3e94140,tcc-microservices-experiment-order-1,0.02,88982159,1073741824,8.29,3,5.31MB / 4.14MB,14MB / 123kB
9,2026-08-11T13:38:58.848366+00:00,microservices,product,186ffc6befd05e9b56f25a1f7bd313db163b4a9c4fa690cae5ea36b6618db6b6,tcc-microservices-experiment-product-1,66.32,94183096,1073741824,8.77,3,4.76MB / 4.96MB,16.9MB / 131kB
10,2026-08-11T13:38:59.848616+00:00,microservices,auth,96d7c9607011b8ae952f7deaff9c9321463fcae871992a2eaa8b7f59b9d4f724,tcc-microservices-experiment-auth-1,0.03,94665441,1073741824,8.82,3,42.4kB / 42.4kB,15.7MB / 98.3kB
10,2026-08-11T13:38:59.848616+00:00,microservices,gateway,4b0f98c924a18e9ee701dd7c361b7dbf431d9f652e6453fc70d389fe68a4386d,tcc-microservices-experiment-gateway-1,83.31,384512819,536870912,71.62,32,4.09MB / 4.54MB,83.1MB / 184kB
10,2026-08-11T13:38:59.848616+00:00,microservices,mysql,454aec9430e9a68943c7929a5c8e106abcdd8c0694f3ec0b1219c25e504eefae,tcc-microservices-experiment-mysql-1,19.71,521247130,1073741824,48.54,36,5.96MB / 9.46MB,36.8MB / 131MB
10,2026-08-11T13:38:59.848616+00:00,microservices,order,e7cc547496c6326a6b0a1ab63c87cf6824fb3b7dd12ce53875b6a81ec3e94140,tcc-microservices-experiment-order-1,0.02,88982159,1073741824,8.29,3,5.31MB / 4.14MB,14MB / 123kB
10,2026-08-11T13:38:59.848616+00:00,microservices,product,186ffc6befd05e9b56f25a1f7bd313db163b4a9c4fa690cae5ea36b6618db6b6,tcc-microservices-experiment-product-1,58.3,94183096,1073741824,8.77,3,5.09MB / 5.31MB,16.9MB / 131kB
11,2026-08-11T13:39:00.848595+00:00,microservices,auth,96d7c9607011b8ae952f7deaff9c9321463fcae871992a2eaa8b7f59b9d4f724,tcc-microservices-experiment-auth-1,0.03,94665441,1073741824,8.82,3,42.4kB / 42.4kB,15.7MB / 98.3kB
11,2026-08-11T13:39:00.848595+00:00,microservices,gateway,4b0f98c924a18e9ee701dd7c361b7dbf431d9f652e6453fc70d389fe68a4386d,tcc-microservices-experiment-gateway-1,79.67,384932250,536870912,71.7,32,4.41MB / 4.91MB,83.1MB / 184kB
11,2026-08-11T13:39:00.848595+00:00,microservices,mysql,454aec9430e9a68943c7929a5c8e106abcdd8c0694f3ec0b1219c25e504eefae,tcc-microservices-experiment-mysql-1,13.0,521247130,1073741824,48.54,36,6.08MB / 9.75MB,36.8MB / 131MB
11,2026-08-11T13:39:00.848595+00:00,microservices,order,e7cc547496c6326a6b0a1ab63c87cf6824fb3b7dd12ce53875b6a81ec3e94140,tcc-microservices-experiment-order-1,0.02,88982159,1073741824,8.29,3,5.31MB / 4.14MB,14MB / 123kB
11,2026-08-11T13:39:00.848595+00:00,microservices,product,186ffc6befd05e9b56f25a1f7bd313db163b4a9c4fa690cae5ea36b6618db6b6,tcc-microservices-experiment-product-1,58.84,94193582,1073741824,8.77,3,5.47MB / 5.71MB,16.9MB / 131kB
12,2026-08-11T13:39:01.850024+00:00,microservices,auth,96d7c9607011b8ae952f7deaff9c9321463fcae871992a2eaa8b7f59b9d4f724,tcc-microservices-experiment-auth-1,0.04,94665441,1073741824,8.82,3,42.4kB / 42.4kB,15.7MB / 98.3kB
12,2026-08-11T13:39:01.850024+00:00,microservices,gateway,4b0f98c924a18e9ee701dd7c361b7dbf431d9f652e6453fc70d389fe68a4386d,tcc-microservices-experiment-gateway-1,83.27,385351680,536870912,71.78,32,4.74MB / 5.27MB,83.1MB / 184kB
12,2026-08-11T13:39:01.850024+00:00,microservices,mysql,454aec9430e9a68943c7929a5c8e106abcdd8c0694f3ec0b1219c25e504eefae,tcc-microservices-experiment-mysql-1,19.59,521247130,1073741824,48.54,36,6.2MB / 10.1MB,36.8MB / 131MB
12,2026-08-11T13:39:01.850024+00:00,microservices,order,e7cc547496c6326a6b0a1ab63c87cf6824fb3b7dd12ce53875b6a81ec3e94140,tcc-microservices-experiment-order-1,0.02,88982159,1073741824,8.29,3,5.31MB / 4.14MB,14MB / 123kB
12,2026-08-11T13:39:01.850024+00:00,microservices,product,186ffc6befd05e9b56f25a1f7bd313db163b4a9c4fa690cae5ea36b6618db6b6,tcc-microservices-experiment-product-1,55.93,94183096,1073741824,8.77,3,5.84MB / 6.11MB,16.9MB / 131kB
13,2026-08-11T13:39:02.353027+00:00,microservices,auth,96d7c9607011b8ae952f7deaff9c9321463fcae871992a2eaa8b7f59b9d4f724,tcc-microservices-experiment-auth-1,0.02,94665441,1073741824,8.82,3,42.4kB / 42.4kB,15.7MB / 98.3kB
13,2026-08-11T13:39:02.353027+00:00,microservices,gateway,4b0f98c924a18e9ee701dd7c361b7dbf431d9f652e6453fc70d389fe68a4386d,tcc-microservices-experiment-gateway-1,81.26,385666253,536870912,71.83,32,5.08MB / 5.66MB,83.1MB / 184kB
13,2026-08-11T13:39:02.353027+00:00,microservices,mysql,454aec9430e9a68943c7929a5c8e106abcdd8c0694f3ec0b1219c25e504eefae,tcc-microservices-experiment-mysql-1,12.82,521247130,1073741824,48.54,36,6.33MB / 10.4MB,36.8MB / 131MB
13,2026-08-11T13:39:02.353027+00:00,microservices,order,e7cc547496c6326a6b0a1ab63c87cf6824fb3b7dd12ce53875b6a81ec3e94140,tcc-microservices-experiment-order-1,0.02,88982159,1073741824,8.29,3,5.31MB / 4.14MB,14MB / 123kB
13,2026-08-11T13:39:02.353027+00:00,microservices,product,186ffc6befd05e9b56f25a1f7bd313db163b4a9c4fa690cae5ea36b6618db6b6,tcc-microservices-experiment-product-1,65.29,94193582,1073741824,8.77,3,6.24MB / 6.54MB,16.9MB / 131kB
14,2026-08-11T13:39:03.850148+00:00,microservices,auth,96d7c9607011b8ae952f7deaff9c9321463fcae871992a2eaa8b7f59b9d4f724,tcc-microservices-experiment-auth-1,0.02,94665441,1073741824,8.82,3,42.4kB / 42.4kB,15.7MB / 98.3kB
14,2026-08-11T13:39:03.850148+00:00,microservices,gateway,4b0f98c924a18e9ee701dd7c361b7dbf431d9f652e6453fc70d389fe68a4386d,tcc-microservices-experiment-gateway-1,79.93,393425715,536870912,73.27,32,5.4MB / 6.02MB,83.1MB / 184kB
14,2026-08-11T13:39:03.850148+00:00,microservices,mysql,454aec9430e9a68943c7929a5c8e106abcdd8c0694f3ec0b1219c25e504eefae,tcc-microservices-experiment-mysql-1,22.04,521247130,1073741824,48.54,36,6.44MB / 10.7MB,36.8MB / 131MB
14,2026-08-11T13:39:03.850148+00:00,microservices,order,e7cc547496c6326a6b0a1ab63c87cf6824fb3b7dd12ce53875b6a81ec3e94140,tcc-microservices-experiment-order-1,0.01,88982159,1073741824,8.29,3,5.31MB / 4.14MB,14MB / 123kB
14,2026-08-11T13:39:03.850148+00:00,microservices,product,186ffc6befd05e9b56f25a1f7bd313db163b4a9c4fa690cae5ea36b6618db6b6,tcc-microservices-experiment-product-1,60.88,94246011,1073741824,8.78,3,6.61MB / 6.94MB,16.9MB / 131kB
15,2026-08-11T13:39:04.848768+00:00,microservices,auth,96d7c9607011b8ae952f7deaff9c9321463fcae871992a2eaa8b7f59b9d4f724,tcc-microservices-experiment-auth-1,0.02,94665441,1073741824,8.82,3,42.4kB / 42.4kB,15.7MB / 98.3kB
15,2026-08-11T13:39:04.848768+00:00,microservices,gateway,4b0f98c924a18e9ee701dd7c361b7dbf431d9f652e6453fc70d389fe68a4386d,tcc-microservices-experiment-gateway-1,71.9,393530573,536870912,73.3,32,5.78MB / 6.43MB,83.1MB / 184kB
15,2026-08-11T13:39:04.848768+00:00,microservices,mysql,454aec9430e9a68943c7929a5c8e106abcdd8c0694f3ec0b1219c25e504eefae,tcc-microservices-experiment-mysql-1,13.73,521247130,1073741824,48.54,36,6.58MB / 11MB,36.8MB / 131MB
15,2026-08-11T13:39:04.848768+00:00,microservices,order,e7cc547496c6326a6b0a1ab63c87cf6824fb3b7dd12ce53875b6a81ec3e94140,tcc-microservices-experiment-order-1,0.02,88982159,1073741824,8.29,3,5.31MB / 4.14MB,14MB / 123kB
15,2026-08-11T13:39:04.848768+00:00,microservices,product,186ffc6befd05e9b56f25a1f7bd313db163b4a9c4fa690cae5ea36b6618db6b6,tcc-microservices-experiment-product-1,64.14,94256497,1073741824,8.78,3,7.05MB / 7.4MB,16.9MB / 131kB
16,2026-08-11T13:39:05.852900+00:00,microservices,auth,96d7c9607011b8ae952f7deaff9c9321463fcae871992a2eaa8b7f59b9d4f724,tcc-microservices-experiment-auth-1,0.02,94665441,1073741824,8.82,3,42.4kB / 42.4kB,15.7MB / 98.3kB
16,2026-08-11T13:39:05.852900+00:00,microservices,gateway,4b0f98c924a18e9ee701dd7c361b7dbf431d9f652e6453fc70d389fe68a4386d,tcc-microservices-experiment-gateway-1,74.53,393950003,536870912,73.39,32,6.12MB / 6.82MB,83.1MB / 184kB
16,2026-08-11T13:39:05.852900+00:00,microservices,mysql,454aec9430e9a68943c7929a5c8e106abcdd8c0694f3ec0b1219c25e504eefae,tcc-microservices-experiment-mysql-1,18.58,521247130,1073741824,48.54,36,6.71MB / 11.3MB,36.8MB / 131MB
16,2026-08-11T13:39:05.852900+00:00,microservices,order,e7cc547496c6326a6b0a1ab63c87cf6824fb3b7dd12ce53875b6a81ec3e94140,tcc-microservices-experiment-order-1,0.02,88982159,1073741824,8.29,3,5.31MB / 4.14MB,14MB / 123kB
16,2026-08-11T13:39:05.852900+00:00,microservices,product,186ffc6befd05e9b56f25a1f7bd313db163b4a9c4fa690cae5ea36b6618db6b6,tcc-microservices-experiment-product-1,62.73,94266982,1073741824,8.78,3,7.45MB / 7.83MB,16.9MB / 131kB
17,2026-08-11T13:39:06.851722+00:00,microservices,auth,96d7c9607011b8ae952f7deaff9c9321463fcae871992a2eaa8b7f59b9d4f724,tcc-microservices-experiment-auth-1,0.03,94665441,1073741824,8.82,3,42.4kB / 42.4kB,15.7MB / 98.3kB
17,2026-08-11T13:39:06.851722+00:00,microservices,gateway,4b0f98c924a18e9ee701dd7c361b7dbf431d9f652e6453fc70d389fe68a4386d,tcc-microservices-experiment-gateway-1,69.07,394264576,536870912,73.45,32,6.5MB / 7.23MB,83.1MB / 184kB
17,2026-08-11T13:39:06.851722+00:00,microservices,mysql,454aec9430e9a68943c7929a5c8e106abcdd8c0694f3ec0b1219c25e504eefae,tcc-microservices-experiment-mysql-1,13.75,521247130,1073741824,48.54,36,6.85MB / 11.7MB,36.8MB / 131MB
17,2026-08-11T13:39:06.851722+00:00,microservices,order,e7cc547496c6326a6b0a1ab63c87cf6824fb3b7dd12ce53875b6a81ec3e94140,tcc-microservices-experiment-order-1,0.02,88982159,1073741824,8.29,3,5.31MB / 4.14MB,14MB / 123kB
17,2026-08-11T13:39:06.851722+00:00,microservices,product,186ffc6befd05e9b56f25a1f7bd313db163b4a9c4fa690cae5ea36b6618db6b6,tcc-microservices-experiment-product-1,63.98,94277468,1073741824,8.78,3,7.88MB / 8.29MB,16.9MB / 131kB
18,2026-08-11T13:39:07.850780+00:00,microservices,auth,96d7c9607011b8ae952f7deaff9c9321463fcae871992a2eaa8b7f59b9d4f724,tcc-microservices-experiment-auth-1,0.02,94665441,1073741824,8.82,3,42.4kB / 42.4kB,15.7MB / 98.3kB
18,2026-08-11T13:39:07.850780+00:00,microservices,gateway,4b0f98c924a18e9ee701dd7c361b7dbf431d9f652e6453fc70d389fe68a4386d,tcc-microservices-experiment-gateway-1,62.49,394788864,536870912,73.53,32,6.89MB / 7.67MB,83.1MB / 184kB
18,2026-08-11T13:39:07.850780+00:00,microservices,mysql,454aec9430e9a68943c7929a5c8e106abcdd8c0694f3ec0b1219c25e504eefae,tcc-microservices-experiment-mysql-1,20.35,521247130,1073741824,48.54,36,6.99MB / 12MB,36.8MB / 131MB
18,2026-08-11T13:39:07.850780+00:00,microservices,order,e7cc547496c6326a6b0a1ab63c87cf6824fb3b7dd12ce53875b6a81ec3e94140,tcc-microservices-experiment-order-1,0.02,88982159,1073741824,8.29,3,5.31MB / 4.14MB,14MB / 123kB
18,2026-08-11T13:39:07.850780+00:00,microservices,product,186ffc6befd05e9b56f25a1f7bd313db163b4a9c4fa690cae5ea36b6618db6b6,tcc-microservices-experiment-product-1,63.33,94287954,1073741824,8.78,3,8.33MB / 8.78MB,16.9MB / 131kB
19,2026-08-11T13:39:08.849280+00:00,microservices,auth,96d7c9607011b8ae952f7deaff9c9321463fcae871992a2eaa8b7f59b9d4f724,tcc-microservices-experiment-auth-1,0.02,94665441,1073741824,8.82,3,42.4kB / 42.4kB,15.7MB / 98.3kB
19,2026-08-11T13:39:08.849280+00:00,microservices,gateway,4b0f98c924a18e9ee701dd7c361b7dbf431d9f652e6453fc70d389fe68a4386d,tcc-microservices-experiment-gateway-1,78.22,395103437,536870912,73.59,32,7.24MB / 8.06MB,83.1MB / 184kB
19,2026-08-11T13:39:08.849280+00:00,microservices,mysql,454aec9430e9a68943c7929a5c8e106abcdd8c0694f3ec0b1219c25e504eefae,tcc-microservices-experiment-mysql-1,13.32,521247130,1073741824,48.54,36,7.12MB / 12.4MB,36.8MB / 131MB
19,2026-08-11T13:39:08.849280+00:00,microservices,order,e7cc547496c6326a6b0a1ab63c87cf6824fb3b7dd12ce53875b6a81ec3e94140,tcc-microservices-experiment-order-1,0.01,88982159,1073741824,8.29,3,5.31MB / 4.14MB,14MB / 123kB
19,2026-08-11T13:39:08.849280+00:00,microservices,product,186ffc6befd05e9b56f25a1f7bd313db163b4a9c4fa690cae5ea36b6618db6b6,tcc-microservices-experiment-product-1,69.7,94298440,1073741824,8.78,3,8.75MB / 9.21MB,16.9MB / 131kB
20,2026-08-11T13:39:09.848435+00:00,microservices,auth,96d7c9607011b8ae952f7deaff9c9321463fcae871992a2eaa8b7f59b9d4f724,tcc-microservices-experiment-auth-1,0.02,94665441,1073741824,8.82,3,42.4kB / 42.4kB,15.7MB / 98.3kB
20,2026-08-11T13:39:09.848435+00:00,microservices,gateway,4b0f98c924a18e9ee701dd7c361b7dbf431d9f652e6453fc70d389fe68a4386d,tcc-microservices-experiment-gateway-1,67.14,395522867,536870912,73.68,32,7.58MB / 8.44MB,83.2MB / 184kB
20,2026-08-11T13:39:09.848435+00:00,microservices,mysql,454aec9430e9a68943c7929a5c8e106abcdd8c0694f3ec0b1219c25e504eefae,tcc-microservices-experiment-mysql-1,18.15,521247130,1073741824,48.54,36,7.24MB / 12.7MB,36.8MB / 131MB
20,2026-08-11T13:39:09.848435+00:00,microservices,order,e7cc547496c6326a6b0a1ab63c87cf6824fb3b7dd12ce53875b6a81ec3e94140,tcc-microservices-experiment-order-1,0.01,88982159,1073741824,8.29,3,5.31MB / 4.14MB,14MB / 123kB
20,2026-08-11T13:39:09.848435+00:00,microservices,product,186ffc6befd05e9b56f25a1f7bd313db163b4a9c4fa690cae5ea36b6618db6b6,tcc-microservices-experiment-product-1,60.83,94298440,1073741824,8.78,3,9.14MB / 9.63MB,16.9MB / 131kB
21,2026-08-11T13:39:10.849987+00:00,microservices,auth,96d7c9607011b8ae952f7deaff9c9321463fcae871992a2eaa8b7f59b9d4f724,tcc-microservices-experiment-auth-1,0.03,94665441,1073741824,8.82,3,42.4kB / 42.4kB,15.7MB / 98.3kB
21,2026-08-11T13:39:10.849987+00:00,microservices,gateway,4b0f98c924a18e9ee701dd7c361b7dbf431d9f652e6453fc70d389fe68a4386d,tcc-microservices-experiment-gateway-1,74.36,396047155,536870912,73.77,32,7.91MB / 8.82MB,83.2MB / 184kB
21,2026-08-11T13:39:10.849987+00:00,microservices,mysql,454aec9430e9a68943c7929a5c8e106abcdd8c0694f3ec0b1219c25e504eefae,tcc-microservices-experiment-mysql-1,14.85,521247130,1073741824,48.54,36,7.37MB / 13MB,36.8MB / 131MB
21,2026-08-11T13:39:10.849987+00:00,microservices,order,e7cc547496c6326a6b0a1ab63c87cf6824fb3b7dd12ce53875b6a81ec3e94140,tcc-microservices-experiment-order-1,0.02,88982159,1073741824,8.29,3,5.31MB / 4.14MB,14MB / 123kB
21,2026-08-11T13:39:10.849987+00:00,microservices,product,186ffc6befd05e9b56f25a1f7bd313db163b4a9c4fa690cae5ea36b6618db6b6,tcc-microservices-experiment-product-1,64.68,94308925,1073741824,8.78,3,9.53MB / 10MB,16.9MB / 131kB
22,2026-08-11T13:39:11.849849+00:00,microservices,auth,96d7c9607011b8ae952f7deaff9c9321463fcae871992a2eaa8b7f59b9d4f724,tcc-microservices-experiment-auth-1,0.02,94665441,1073741824,8.82,3,42.4kB / 42.4kB,15.7MB / 98.3kB
22,2026-08-11T13:39:11.849849+00:00,microservices,gateway,4b0f98c924a18e9ee701dd7c361b7dbf431d9f652e6453fc70d389fe68a4386d,tcc-microservices-experiment-gateway-1,84.86,403177472,536870912,75.09,32,8.2MB / 9.14MB,83.2MB / 184kB
22,2026-08-11T13:39:11.849849+00:00,microservices,mysql,454aec9430e9a68943c7929a5c8e106abcdd8c0694f3ec0b1219c25e504eefae,tcc-microservices-experiment-mysql-1,20.6,521247130,1073741824,48.54,36,7.48MB / 13.2MB,36.8MB / 131MB
22,2026-08-11T13:39:11.849849+00:00,microservices,order,e7cc547496c6326a6b0a1ab63c87cf6824fb3b7dd12ce53875b6a81ec3e94140,tcc-microservices-experiment-order-1,0.02,88982159,1073741824,8.29,3,5.31MB / 4.14MB,14MB / 123kB
22,2026-08-11T13:39:11.849849+00:00,microservices,product,186ffc6befd05e9b56f25a1f7bd313db163b4a9c4fa690cae5ea36b6618db6b6,tcc-microservices-experiment-product-1,54.68,94329897,1073741824,8.79,3,9.86MB / 10.4MB,16.9MB / 131kB
23,2026-08-11T13:39:12.848113+00:00,microservices,auth,96d7c9607011b8ae952f7deaff9c9321463fcae871992a2eaa8b7f59b9d4f724,tcc-microservices-experiment-auth-1,0.12,94665441,1073741824,8.82,3,42.4kB / 42.4kB,15.7MB / 98.3kB
23,2026-08-11T13:39:12.848113+00:00,microservices,gateway,4b0f98c924a18e9ee701dd7c361b7dbf431d9f652e6453fc70d389fe68a4386d,tcc-microservices-experiment-gateway-1,67.61,403701760,536870912,75.19,32,8.53MB / 9.51MB,83.2MB / 184kB
23,2026-08-11T13:39:12.848113+00:00,microservices,mysql,454aec9430e9a68943c7929a5c8e106abcdd8c0694f3ec0b1219c25e504eefae,tcc-microservices-experiment-mysql-1,14.62,521247130,1073741824,48.54,36,7.6MB / 13.6MB,36.8MB / 131MB
23,2026-08-11T13:39:12.848113+00:00,microservices,order,e7cc547496c6326a6b0a1ab63c87cf6824fb3b7dd12ce53875b6a81ec3e94140,tcc-microservices-experiment-order-1,0.02,88982159,1073741824,8.29,3,5.31MB / 4.14MB,14MB / 123kB
23,2026-08-11T13:39:12.848113+00:00,microservices,product,186ffc6befd05e9b56f25a1f7bd313db163b4a9c4fa690cae5ea36b6618db6b6,tcc-microservices-experiment-product-1,72.3,94329897,1073741824,8.79,3,10.2MB / 10.8MB,16.9MB / 131kB
24,2026-08-11T13:39:13.848590+00:00,microservices,auth,96d7c9607011b8ae952f7deaff9c9321463fcae871992a2eaa8b7f59b9d4f724,tcc-microservices-experiment-auth-1,0.03,94665441,1073741824,8.82,3,42.4kB / 42.4kB,15.7MB / 98.3kB
24,2026-08-11T13:39:13.848590+00:00,microservices,gateway,4b0f98c924a18e9ee701dd7c361b7dbf431d9f652e6453fc70d389fe68a4386d,tcc-microservices-experiment-gateway-1,68.45,403701760,536870912,75.2,32,8.71MB / 9.71MB,83.2MB / 184kB
24,2026-08-11T13:39:13.848590+00:00,microservices,mysql,454aec9430e9a68943c7929a5c8e106abcdd8c0694f3ec0b1219c25e504eefae,tcc-microservices-experiment-mysql-1,14.68,521981133,1073741824,48.62,42,7.66MB / 13.7MB,36.8MB / 131MB
24,2026-08-11T13:39:13.848590+00:00,microservices,order,e7cc547496c6326a6b0a1ab63c87cf6824fb3b7dd12ce53875b6a81ec3e94140,tcc-microservices-experiment-order-1,0.03,88982159,1073741824,8.29,3,5.31MB / 4.14MB,14MB / 123kB
24,2026-08-11T13:39:13.848590+00:00,microservices,product,186ffc6befd05e9b56f25a1f7bd313db163b4a9c4fa690cae5ea36b6618db6b6,tcc-microservices-experiment-product-1,84.82,94340383,1073741824,8.79,3,10.5MB / 11MB,16.9MB / 131kB
25,2026-08-11T13:39:14.850992+00:00,microservices,auth,96d7c9607011b8ae952f7deaff9c9321463fcae871992a2eaa8b7f59b9d4f724,tcc-microservices-experiment-auth-1,0.04,94665441,1073741824,8.82,3,42.4kB / 42.4kB,15.7MB / 98.3kB
25,2026-08-11T13:39:14.850992+00:00,microservices,gateway,4b0f98c924a18e9ee701dd7c361b7dbf431d9f652e6453fc70d389fe68a4386d,tcc-microservices-experiment-gateway-1,53.06,399507456,536870912,74.42,32,8.99MB / 10MB,83.2MB / 184kB
25,2026-08-11T13:39:14.850992+00:00,microservices,mysql,454aec9430e9a68943c7929a5c8e106abcdd8c0694f3ec0b1219c25e504eefae,tcc-microservices-experiment-mysql-1,24.95,521247130,1073741824,48.54,36,7.76MB / 14MB,36.8MB / 131MB
25,2026-08-11T13:39:14.850992+00:00,microservices,order,e7cc547496c6326a6b0a1ab63c87cf6824fb3b7dd12ce53875b6a81ec3e94140,tcc-microservices-experiment-order-1,0.04,88982159,1073741824,8.29,3,5.31MB / 4.14MB,14MB / 123kB
25,2026-08-11T13:39:14.850992+00:00,microservices,product,186ffc6befd05e9b56f25a1f7bd313db163b4a9c4fa690cae5ea36b6618db6b6,tcc-microservices-experiment-product-1,69.66,94350868,1073741824,8.79,3,10.8MB / 11.4MB,16.9MB / 131kB
26,2026-08-11T13:39:15.849445+00:00,microservices,auth,96d7c9607011b8ae952f7deaff9c9321463fcae871992a2eaa8b7f59b9d4f724,tcc-microservices-experiment-auth-1,0.04,94665441,1073741824,8.82,3,42.4kB / 42.4kB,15.7MB / 98.3kB
26,2026-08-11T13:39:15.849445+00:00,microservices,gateway,4b0f98c924a18e9ee701dd7c361b7dbf431d9f652e6453fc70d389fe68a4386d,tcc-microservices-experiment-gateway-1,89.69,399926886,536870912,74.49,32,9.15MB / 10.2MB,83.2MB / 184kB
26,2026-08-11T13:39:15.849445+00:00,microservices,mysql,454aec9430e9a68943c7929a5c8e106abcdd8c0694f3ec0b1219c25e504eefae,tcc-microservices-experiment-mysql-1,15.64,521247130,1073741824,48.54,36,7.82MB / 14.1MB,36.8MB / 131MB
26,2026-08-11T13:39:15.849445+00:00,microservices,order,e7cc547496c6326a6b0a1ab63c87cf6824fb3b7dd12ce53875b6a81ec3e94140,tcc-microservices-experiment-order-1,0.03,88982159,1073741824,8.29,3,5.31MB / 4.14MB,14MB / 123kB
26,2026-08-11T13:39:15.849445+00:00,microservices,product,186ffc6befd05e9b56f25a1f7bd313db163b4a9c4fa690cae5ea36b6618db6b6,tcc-microservices-experiment-product-1,95.42,94371840,1073741824,8.79,3,11MB / 11.6MB,16.9MB / 131kB
27,2026-08-11T13:39:16.849223+00:00,microservices,auth,96d7c9607011b8ae952f7deaff9c9321463fcae871992a2eaa8b7f59b9d4f724,tcc-microservices-experiment-auth-1,0.02,94665441,1073741824,8.82,3,42.4kB / 42.4kB,15.7MB / 98.3kB
27,2026-08-11T13:39:16.849223+00:00,microservices,gateway,4b0f98c924a18e9ee701dd7c361b7dbf431d9f652e6453fc70d389fe68a4386d,tcc-microservices-experiment-gateway-1,51.62,399926886,536870912,74.5,32,9.49MB / 10.6MB,83.2MB / 184kB
27,2026-08-11T13:39:16.849223+00:00,microservices,mysql,454aec9430e9a68943c7929a5c8e106abcdd8c0694f3ec0b1219c25e504eefae,tcc-microservices-experiment-mysql-1,24.59,521247130,1073741824,48.54,36,7.95MB / 14.4MB,36.8MB / 131MB
27,2026-08-11T13:39:16.849223+00:00,microservices,order,e7cc547496c6326a6b0a1ab63c87cf6824fb3b7dd12ce53875b6a81ec3e94140,tcc-microservices-experiment-order-1,0.05,88982159,1073741824,8.29,3,5.31MB / 4.14MB,14MB / 123kB
27,2026-08-11T13:39:16.849223+00:00,microservices,product,186ffc6befd05e9b56f25a1f7bd313db163b4a9c4fa690cae5ea36b6618db6b6,tcc-microservices-experiment-product-1,64.79,94361354,1073741824,8.79,3,11.4MB / 12MB,16.9MB / 131kB
28,2026-08-11T13:39:17.849336+00:00,microservices,auth,96d7c9607011b8ae952f7deaff9c9321463fcae871992a2eaa8b7f59b9d4f724,tcc-microservices-experiment-auth-1,0.04,94665441,1073741824,8.82,3,42.4kB / 42.4kB,15.7MB / 98.3kB
28,2026-08-11T13:39:17.849336+00:00,microservices,gateway,4b0f98c924a18e9ee701dd7c361b7dbf431d9f652e6453fc70d389fe68a4386d,tcc-microservices-experiment-gateway-1,79.26,400346317,536870912,74.56,32,9.83MB / 11MB,83.2MB / 184kB
28,2026-08-11T13:39:17.849336+00:00,microservices,mysql,454aec9430e9a68943c7929a5c8e106abcdd8c0694f3ec0b1219c25e504eefae,tcc-microservices-experiment-mysql-1,14.65,521247130,1073741824,48.54,36,8.07MB / 14.8MB,36.8MB / 131MB
28,2026-08-11T13:39:17.849336+00:00,microservices,order,e7cc547496c6326a6b0a1ab63c87cf6824fb3b7dd12ce53875b6a81ec3e94140,tcc-microservices-experiment-order-1,0.02,88982159,1073741824,8.29,3,5.31MB / 4.14MB,14MB / 123kB
28,2026-08-11T13:39:17.849336+00:00,microservices,product,186ffc6befd05e9b56f25a1f7bd313db163b4a9c4fa690cae5ea36b6618db6b6,tcc-microservices-experiment-product-1,76.47,94382326,1073741824,8.79,3,11.8MB / 12.4MB,16.9MB / 131kB
29,2026-08-11T13:39:18.847544+00:00,microservices,auth,96d7c9607011b8ae952f7deaff9c9321463fcae871992a2eaa8b7f59b9d4f724,tcc-microservices-experiment-auth-1,0.05,94665441,1073741824,8.82,3,42.4kB / 42.4kB,15.7MB / 98.3kB
29,2026-08-11T13:39:18.847544+00:00,microservices,gateway,4b0f98c924a18e9ee701dd7c361b7dbf431d9f652e6453fc70d389fe68a4386d,tcc-microservices-experiment-gateway-1,64.64,405169766,536870912,75.48,32,10.2MB / 11.4MB,83.2MB / 184kB
29,2026-08-11T13:39:18.847544+00:00,microservices,mysql,454aec9430e9a68943c7929a5c8e106abcdd8c0694f3ec0b1219c25e504eefae,tcc-microservices-experiment-mysql-1,18.33,521247130,1073741824,48.54,36,8.21MB / 15.1MB,36.8MB / 131MB
29,2026-08-11T13:39:18.847544+00:00,microservices,order,e7cc547496c6326a6b0a1ab63c87cf6824fb3b7dd12ce53875b6a81ec3e94140,tcc-microservices-experiment-order-1,0.02,88982159,1073741824,8.29,3,5.31MB / 4.14MB,14MB / 123kB
29,2026-08-11T13:39:18.847544+00:00,microservices,product,186ffc6befd05e9b56f25a1f7bd313db163b4a9c4fa690cae5ea36b6618db6b6,tcc-microservices-experiment-product-1,62.11,94382326,1073741824,8.79,3,12.2MB / 12.9MB,16.9MB / 131kB
30,2026-08-11T13:39:19.847514+00:00,microservices,auth,96d7c9607011b8ae952f7deaff9c9321463fcae871992a2eaa8b7f59b9d4f724,tcc-microservices-experiment-auth-1,0.05,94665441,1073741824,8.82,3,42.4kB / 42.4kB,15.7MB / 98.3kB
30,2026-08-11T13:39:19.847514+00:00,microservices,gateway,4b0f98c924a18e9ee701dd7c361b7dbf431d9f652e6453fc70d389fe68a4386d,tcc-microservices-experiment-gateway-1,64.64,405169766,536870912,75.48,32,10.2MB / 11.4MB,83.2MB / 184kB
30,2026-08-11T13:39:19.847514+00:00,microservices,mysql,454aec9430e9a68943c7929a5c8e106abcdd8c0694f3ec0b1219c25e504eefae,tcc-microservices-experiment-mysql-1,18.33,521247130,1073741824,48.54,36,8.21MB / 15.1MB,36.8MB / 131MB
30,2026-08-11T13:39:19.847514+00:00,microservices,order,e7cc547496c6326a6b0a1ab63c87cf6824fb3b7dd12ce53875b6a81ec3e94140,tcc-microservices-experiment-order-1,0.02,88982159,1073741824,8.29,3,5.31MB / 4.14MB,14MB / 123kB
30,2026-08-11T13:39:19.847514+00:00,microservices,product,186ffc6befd05e9b56f25a1f7bd313db163b4a9c4fa690cae5ea36b6618db6b6,tcc-microservices-experiment-product-1,62.11,94382326,1073741824,8.79,3,12.2MB / 12.9MB,16.9MB / 131kB
